session_ts,session_date,t_cal,cycle_n,SOH,SOH_nominal,cumQ,V_start,V_end,dV_full,V_10,V_50,V_90,dV_2080,A_Vt,dV_CC,dVdt_CC,Q_d,E_d,dt_d,Q_c,E_c,f_Q_CV,eta_C,eta_E,dt_CC,dt_CV,f_t_CV,t_abs,R_DC,dV_IR,V_ICA,H_ICA,A_ICA,dVdQ_50,dT_d,dT_c,T_max_d,T_mean_d,R_th,ddT,V_ripple,t_cal,cumQ
2025-11-27_13-19-58,2025-11-27,0,1,1.0,0.0175246825154321,0.3154442852777778,12.185,11.9016,0.2834000000000003,11.6016,11.5349,11.5182,0.05010000000000048,11.554664891107793,-0.07500000000000107,-9.665585243784202e-05,0.3154442852777778,3.6436201177641676,127.19,0.006847886111111111,0.08562768103366665,0.0,46.06447597981373,42.551895295769924,114.25,,,114.25,0.050526678753767956,0.45474516145178695,11.5099,-1.9758619513031772,0.46618446498550414,-0.18709708793660415,,,,,,,,0,0.3154442852777778
2025-11-27_14-13-16,2025-11-27,0,1,0.0480309101107005,0.0008417264506172838,0.3305953613888889,11.885,12.0767,-0.19170000000000087,11.8183,11.7516,11.7349,0.041700000000000514,11.797310835694052,-0.09169999999999945,-0.00485284775800759,0.01515107611111111,0.17828177058894445,7.06,0.010093590000000001,0.12627040947758333,0.0,1.5010591980763146,1.4119045889416764,43.39,,,43.39,,,,,,,,,,,,,,0,0.3305953613888889
2025-12-09_14-46-34,2025-12-09,12,1,3.9600319488361273,0.06939830265432098,1.5797648091666665,12.0183,10.7931,1.2251999999999992,11.3516,11.1349,10.8848,0.3417000000000012,11.125614333460083,1.1585,0.0002580608444081144,1.2491694477777777,13.896204418581972,499.67,3.093762436666666,39.80502027349503,0.0,0.4037703195865546,0.3491068293170808,2062.7299999999996,,,2062.7299999999996,0.05786652595328698,0.520900000000001,11.2265,-1.3724190287113884,0.7631518660122426,-0.4388430477214223,,,,,,,,12,1.5797648091666665
2025-12-09_15-29-53,2025-12-09,12,1,3.7394811973606252,0.06553322075617284,2.7593627827777776,12.6684,11.6433,1.0251000000000001,11.9766,11.8016,11.6766,0.20010000000000083,11.81769787745846,,,1.179597973611111,13.938835340164138,471.84,,,,,,,,,,0.04725297936677345,0.4252059348319109,11.7683,-2.087071516610592,0.7145827112557375,-0.27271440291375293,0.5,,22.1,21.810314999183937,0.003970766392171027,,0.0016176978332652732,12,2.7593627827777776
2025-12-09_15-40-42,2025-12-09,12,1,0.07996192305229122,0.001401307314814815,2.7845863144444443,12.135,11.6683,0.46669999999999945,11.7516,11.6849,11.6683,0.049999999999998934,11.72078810703667,,,0.025223531666666667,0.29505056146174996,10.09,,,,,,,,,,0.04402802491103195,0.396186182161921,,,,,0.0,,22.4,22.400000000000002,0.0,,0.020971794266634942,12,2.7845863144444443
2025-12-09_15-41-25,2025-12-09,12,1,0.1599294783723063,0.002802713333333333,2.8350351544444443,12.11,11.6433,0.46669999999999945,11.7099,11.6599,11.6516,0.03330000000000055,11.679116476709613,,,0.05044883999999999,0.5886086136976388,20.18,,,,,,,,,,0.043089647812166385,0.3877421958377792,,,,,0.10000000000000142,,22.5,22.480191693290735,0.0009245543204360016,,0.016630959392695138,12,2.8350351544444443
2025-12-09_15-42-35,2025-12-09,12,1,6.100278463772067,0.10690544333333335,4.759333134444445,12.1017,10.7931,1.3085999999999984,11.5849,11.3266,10.9348,0.4750999999999994,11.294353209608687,0.583400000000001,0.0033650891621330057,1.9242979800000002,21.73204872871986,769.72,0.19768277222222225,2.427283981353417,0.0,9.734272533556076,8.953236990672348,131.8,,,131.8,0.044020192136630415,0.3961861312488874,11.5849,-2.4004481369988864,1.6346290501667342,-0.38627773697837964,0.8000000000000007,0.09999999999999787,23.3,22.89156307316079,0.00658172190955785,-0.7000000000000028,0.001020476556726511,12,4.759333134444445
2025-12-09_15-58-25,2025-12-09,12,1,1.2885733042906862,0.022581838055555553,5.165806219444445,11.6099,10.7931,0.8167999999999989,11.3099,10.9682,10.8348,0.3249999999999993,11.025595737745247,2.4754000000000005,0.00025678909503867566,0.40647308499999996,4.480570329350611,162.6,12.730066344722221,173.1272464608664,0.32722753235246893,0.03193016234110361,0.02588021481854618,5710.11,5090.2,0.4713012867223256,5711.13,,,10.8598,-0.958143452763327,0.36616737221666545,-1.1145455527943515,0.0,0.8000000000000007,23.4,23.4,0.0,0.8000000000000007,0.003912475293112776,12,5.165806219444445
2026-01-27_20-58-50,2026-01-27,61,1,25.901975013060653,0.45392388862654315,121.27791286138888,12.7601,10.7931,1.9669999999999987,11.9766,11.4182,10.9682,0.8001000000000005,11.498004400866526,2.1753,0.00028917048146919475,8.170629995277777,93.94363815833304,3268.22,9.228146306388888,125.74614270748064,0.2505510897085379,0.8854031702576101,0.7470896214834297,4611.08,6189.299999999999,0.5730631699995741,4612.1,0.05327841515474904,0.4794258187700093,11.9933,-8.214318206548954,5.569666853064381,-0.20820516409258033,0.3999999999999986,1.6000000000000014,20.8,20.47156071308443,0.003027782373635565,1.2000000000000028,0.0004474253318613831,61,121.27791286138888
2026-02-14_17-25-51,2026-02-14,79,1,45.81814449524199,0.8029484357253087,225.11928461861112,13.3852,10.7931,2.5920999999999985,12.385,11.9516,11.2599,0.7918000000000003,11.881173633342906,2.5504,0.0002523289651200255,14.453071843055557,171.7161390974083,5781.26,13.453355967222224,181.8563707544014,0.2176208213334208,1.0743097765545668,0.9442404375775894,7017.7,3783.2400000000007,0.3502695135793737,7018.72,0.0472669453833836,0.42540723514499074,12.285,-11.127581576148867,11.031784721224316,-0.08508795838191859,0.3999999999999986,1.5,21.0,20.738446805042383,0.0028938528490747278,1.1000000000000014,0.0003815586700433201,79,225.11928461861112
2026-02-17_14-44-40,2026-02-17,82,1,39.2258239084159,0.6874201104012345,338.13830326333334,13.2852,10.7931,2.492099999999999,12.385,11.935,11.2432,0.7918000000000003,11.872272963452357,2.400400000000001,0.00024955768788420345,12.373561987222221,146.8990591843791,4949.43,12.396537724444444,167.48600284066148,0.21935122011027977,0.998146600467571,0.8770826020854539,6452.17,4348.25,0.40260008407080466,6453.19,0.04770265990253873,0.429407418777678,12.3934,-8.939837010361966,9.75887106618749,-0.09943331740287505,-0.8000000000000007,0.3000000000000007,24.0,23.57031812772709,-0.005767660749604519,1.1000000000000014,0.0004074825723063705,82,338.13830326333334
2026-02-20_02-46-22,2026-02-20,85,1,28.803437677324574,0.5047711006481481,443.72086784805566,13.2101,10.7848,2.4253,12.11,11.5349,11.0265,0.7918000000000003,11.568871851799884,2.117000000000001,0.00027618079326511565,9.085879811666667,105.10875768501388,2423.21,9.131949231388889,124.64670464203373,0.18844113781274133,0.9949551384315771,0.8432534015790483,4941.21,2259.16,0.31375609864493076,4942.23,0.04910087337377207,0.662712032882133,11.5349,-9.389391061960486,6.198853442004159,-0.09635718863846539,0.8000000000000007,1.3999999999999986,21.1,20.57575247043577,0.004156507087912971,0.5999999999999979,0.0005743416481392617,85,443.72086784805566
2026-02-23_10-19-36,2026-02-23,88,1,26.809688596294084,0.4698312809876543,530.0757228411112,13.2101,10.7931,2.417,12.0683,11.5683,11.0265,0.8333999999999993,11.580590525256376,2.067,0.00027404168944597556,8.456963057777777,97.9320080525788,2255.47,7.886189487499999,107.09588458340635,0.10772622625947972,1.0723763448979362,0.9144329722241501,4691.53,709.1999999999998,0.13131558141214242,4692.54,0.047861107200284615,0.6460579416537618,12.0683,-8.131285123470319,5.460171434481018,-0.2714632621417164,0.8999999999999986,1.3000000000000007,20.9,20.39603912150639,0.004661916002954277,0.40000000000000213,0.0006002865374322024,88,530.0757228411112
2026-02-24_21-28-36,2026-02-24,89,1,28.360633982602387,0.49701110648148145,605.3972695944447,13.2602,10.7848,2.4753999999999987,12.1517,11.5849,11.0765,0.6917000000000009,11.597031736129155,2.0336,0.0002720406007707046,8.946199916666666,103.74466214767048,2385.94,7.9782469875,108.02703008765957,0.08883690625681091,1.1213240114881398,0.9603583664522285,4846.800000000001,553.7299999999996,0.10253252921472512,4847.82,0.04786498953335426,0.6461079544654591,11.8016,-7.757556614358915,6.272101775938879,-0.10987312586005839,0.6000000000000014,0.6000000000000014,22.5,22.119474238336515,0.0030844777649619015,0.0,0.0005731568984598211,89,605.3972695944447
2026-02-26_15-56-15,2026-02-26,91,1,26.74132946000509,0.46863330882716053,677.4999530169448,13.2518,10.7765,2.475299999999999,12.1767,11.81,11.1182,0.8000999999999987,11.686891824093665,2.0252999999999997,0.0002528292155333488,8.43539955888889,98.57950814276552,2249.72,7.817081715,106.41612530717266,0.12066225552931792,1.0790982960690325,0.9263587436416562,4582.99,817.0699999999997,0.1513075780639474,4584.01,0.047872636107930175,0.6462111721347008,12.185,-7.329042760079024,5.7940417511592734,-0.21721169487737824,0.3000000000000007,0.6000000000000014,22.2,22.01298764742829,0.0015388146862862892,0.3000000000000007,0.0005983128740641778,91,677.4999530169448
2026-03-08_17-35-53,2026-03-08,101,1,27.1184859500638,0.4752428565740741,741.2348059413891,13.1518,10.7931,2.358699999999999,12.1183,11.7933,11.2015,0.6250999999999998,11.723716846961361,2.0753000000000004,0.0002726814909286243,8.554371418333334,100.28454465832996,2281.45,7.8836516080555565,106.65443436639912,0.1037049466882607,1.0850773021974274,0.9402754349042242,4711.12,689.8400000000001,0.12772544140300987,4712.14,0.0500329822636951,0.6753752143847146,12.1183,-9.165586453319742,6.707662172290369,-0.11324973938116199,1.0,0.6000000000000014,23.4,22.847431265269602,0.004856327563277531,-0.3999999999999986,0.0006261211681973146,101,741.2348059413891
2026-03-10_09-26-42,2026-03-10,103,1,24.18529531540526,0.4238396219444444,808.9962374780556,13.1435,10.7931,2.3503999999999987,12.0933,11.8016,11.0599,0.841800000000001,11.643719987319937,1.9253,0.0002793265073872896,7.6291131949999995,88.82675295935566,2034.69,7.431027376388888,101.6464741928789,0.16145015626279727,1.0266565857690826,0.8738793319166465,4154.59,1245.7999999999993,0.23068704297282222,4155.61,0.05189371479395202,0.7003212492588208,12.0933,-9.157341353718932,6.656907752266584,-0.23680104880685113,1.0999999999999979,2.200000000000003,21.9,21.40175939501505,0.00525650090831154,1.100000000000005,0.0006119145143560808,103,808.9962374780556
2026-03-12_22-02-01,2026-03-12,105,1,0.07202790707290484,0.0012622662037037036,867.5557358394444,12.26,10.7848,1.4751999999999992,11.1265,10.8765,10.7848,0.19170000000000087,11.052216666666668,0.6084000000000014,-7.872265424579504e-07,0.022720791666666663,0.2483218744761111,6.06,1.2974677886111108,17.12992255530325,0.0,0.01751164218958252,0.014496380452066502,865.05,,,865.05,0.08801547394515195,1.1879404510640186,,,,,0.0,0.1999999999999993,21.7,21.699999999999996,0.0,0.1999999999999993,0.09728689758229749,105,867.5557358394444
2025-12-09_15-58-25,2025-12-09,12,2,1.0,0.6374426097067902,16.63977319416667,13.8352,10.7931,3.0420999999999996,12.3934,11.9266,11.2265,0.8168000000000006,11.868098540831445,2.567,0.00026337782263686853,11.473966974722224,136.17031842854567,4589.6,12.362917548333332,166.84567378936498,0.265886296205653,0.9280954054626895,0.8161453356018955,6051.09,4749.16,0.4397268581745793,6052.11,0.06118226765365093,0.5506495862230064,12.26,-7.218353282070138,7.876874558217599,-0.10974315785254642,-0.3999999999999986,0.5,24.3,24.109605940831234,-0.0031268773729606824,0.8999999999999986,0.0005317645063021621,12,16.63977319416667
2026-01-27_20-58-50,2026-01-27,61,2,0.7608532550792214,0.48500028452160504,130.00791798277777,13.8269,10.7931,3.0337999999999994,11.835,11.4766,10.9515,0.7918000000000003,11.454006141717402,2.1003000000000007,0.00028404699900462234,8.73000512138889,99.98982410825055,3492.03,9.362829186944445,127.41109458868318,0.2525919878966067,0.9324110209723823,0.7847811403790559,4665.679999999999,6134.54,0.5680013925642255,4666.7,,,11.7599,-9.276914097256496,4.992774787894909,-0.10476142674350981,-0.40000000000000213,0.6999999999999993,22.1,21.931287240022485,-0.0029888215648145684,1.1000000000000014,0.000647932708490612,61,130.00791798277777
2026-02-14_17-25-51,2026-02-14,79,2,1.1876471838882434,0.757056920308642,238.74630918416668,14.0269,10.7931,3.2337999999999987,12.4934,11.9933,11.2432,0.8834999999999997,11.934039189504041,2.542,0.0002566338749516373,13.627024565555557,162.6213906242813,5450.86,13.19251418,178.15317021805384,0.22918770341789557,1.0329361317810277,0.9128178321229865,6779.87,4020.38,0.37224879053725607,6780.89,0.05745196584237663,0.5170734377779739,12.41,-8.050385698453988,9.419121151975826,-0.09971560162486927,-0.8000000000000007,0.6000000000000014,22.5,22.06633577778098,-0.005766240279712122,1.4000000000000021,0.0004696131962116338,79,238.74630918416668
2026-02-17_14-44-40,2026-02-17,82,2,1.036091926118112,0.6604491412808642,350.0263878063889,13.7936,10.7931,3.000499999999999,12.4017,11.9433,11.2349,0.8001000000000005,11.880926079020197,2.3420000000000005,0.00025229682398824574,11.888084543055555,141.23763066953498,4755.24,11.883002523333332,160.92440735933928,0.21944653694230928,1.000427671349244,0.877664444984754,6184.19,4616.150000000001,0.42740784086426914,6185.23,0.07692093866227827,0.6922999861013037,12.2767,-7.604464465193717,8.172488682908561,-0.1022778613789796,-0.8999999999999986,0.29999999999999716,23.5,22.924119366505376,-0.006483977746324091,1.1999999999999957,0.0005125119308914581,82,350.0263878063889
2026-02-20_02-46-22,2026-02-20,85,2,0.8061765420161343,0.5138912788271605,452.97091086694456,13.7436,10.7931,2.9505,12.0016,11.6183,11.0098,0.7001000000000008,11.577094290682686,2.1003000000000007,0.0002749401570353186,9.250043018888888,107.08316786123414,2467.02,9.1212052,124.23728519430401,0.18590125516283507,1.014125087207652,0.8619245639001105,4950.86,2249.25,0.31239106069212835,4951.88,0.06550679721067842,0.8841419666126662,11.81,-7.270648067207388,5.537161890663274,-0.11671822534931059,0.3000000000000007,0.0,22.8,22.64976291251631,0.001545083652008277,-0.3000000000000007,0.0007672288386453827,85,452.97091086694456
2026-02-23_10-19-36,2026-02-23,88,2,0.7175274996988834,0.45738260194444436,538.3086096761112,13.8352,10.7931,3.0420999999999996,12.0267,11.5849,11.0265,0.6918000000000006,11.555396436964303,2.0252999999999997,0.00026730396920821253,8.232886834999999,95.12853091863569,2195.74,7.8793248855555555,106.79537136706811,0.11398573502884381,1.0448721120882571,0.8907551863054801,4654.58,745.4399999999996,0.13804393317061783,4655.63,0.05808491786626532,0.7839692321950897,11.6683,-5.932965247786199,4.719437002896038,-0.1297025957021293,0.40000000000000213,0.29999999999999716,22.6,22.409921344297462,0.0020532042271125765,-0.10000000000000497,0.0008006523032498996,88,538.3086096761112
2026-02-24_21-28-36,2026-02-24,89,2,0.6804912649441001,0.43377412780864194,613.2052038950002,13.8019,10.7931,3.008799999999999,12.035,11.6266,11.0515,0.6166999999999998,11.595391797366474,2.0252999999999997,0.00029026373141398496,7.807934300555555,90.52994954334297,2082.38,7.749585170277777,105.19430709399684,0.1421294710503363,1.0075293230535185,0.860597422467449,4432.49,967.8199999999997,0.17921563762080323,4433.51,0.06081021021910785,0.8209499999999998,11.835,-6.814243464580031,4.394700673840962,-0.1262359649396952,0.3999999999999986,0.1999999999999993,23.5,23.28998002035662,0.0020501363305408167,-0.1999999999999993,0.0008284727753727597,89,613.2052038950002
2026-02-26_15-56-15,2026-02-26,91,2,0.6677087249568593,0.42562599216049374,685.1612208758337,13.7769,10.7848,2.992099999999999,11.9933,11.6683,11.0682,0.6834000000000007,11.590091351810342,1.2668,0.00029055249019694924,7.661267858888888,88.7890487554334,2043.26,3.4274475116666663,45.842178704499894,0.0,2.2352692004212313,1.936841818268943,2285.2200000000003,,,2285.2200000000003,0.06144754635890406,0.8294527769029844,11.7433,-7.717714320691098,4.545675475557667,-0.1179347093575513,0.09999999999999787,0.20000000000000284,23.0,22.878396342400496,0.0005106785292393754,0.10000000000000497,0.0008379016169890844,91,685.1612208758337
2026-03-08_17-35-53,2026-03-08,101,2,0.6646831087879719,0.42369733549382715,748.8613579802781,13.7436,10.7931,2.9505,12.1933,11.7016,11.1515,0.7334000000000014,11.694364045476894,1.9503000000000004,0.0002823143135610912,7.626552038888889,89.18207227441641,2034.0,7.564602582500001,102.97022490916322,0.15641351146655266,1.0081893867805034,0.866095731587357,4254.630000000001,1145.87,0.21217850199055638,4255.65,0.058071019337241805,0.7838774616256923,11.8016,-5.531094514279415,4.864483650066013,-0.12423693711534117,0.3999999999999986,0.0,24.4,24.21826707834813,0.001927123744555227,-0.3999999999999986,0.0008705539141818743,101,748.8613579802781
2026-03-10_09-26-42,2026-03-10,103,2,0.6486951333452707,0.4135059187037036,816.4393440147222,13.7186,10.7931,2.9254999999999995,11.9433,11.5933,11.0682,0.5417000000000005,11.577831922069416,1.8669000000000011,0.0003006729429595279,7.443106536666665,86.1694666740341,1985.1,7.239698888611111,99.81994779327435,0.201158021005829,1.0280961475311547,0.8632489655523543,3855.8900000000003,1544.2599999999998,0.2859661305704471,3856.91,0.07042665866195283,0.9506577732813033,11.5182,-6.254474257862139,4.034843610484599,-0.1619490483100688,0.5999999999999979,0.5,24.7,24.411006090326662,0.00283843348696506,-0.09999999999999787,0.000862274980328505,103,816.4393440147222
2025-12-09_15-58-25,2025-12-09,12,3,1.0,0.6593106641820987,28.507365149444446,13.8852,10.7931,3.0920999999999985,12.41,11.9516,11.2432,0.8085000000000004,11.887362150598793,2.567,0.00026432459306683406,11.867591955277778,141.0704179837706,4747.05,12.306060742222222,166.08854156240548,0.2562099069800463,0.9643696877393061,0.849368756307402,6102.63,4697.81,0.4349646866238783,6103.66,0.06301147482654322,0.5671095745863717,12.2767,-7.532484377285708,8.01855499489885,-0.10637216702283107,-0.6000000000000014,0.5,24.3,24.005045659078878,-0.004682518350657552,1.1000000000000014,0.0005217930345807708,12,28.507365149444446
2026-01-27_20-58-50,2026-01-27,61,3,0.7474971452447753,0.49283283930555555,138.87890909027777,13.2435,10.7848,2.4586999999999986,11.9266,11.4349,10.9932,0.6083999999999996,11.45364042097491,1.983600000000001,0.00028628591119610224,8.8709911075,101.60204625324731,3548.44,9.378803242222222,128.86734105026224,0.27591403334978304,0.9458553376579952,0.7884235480083304,4527.84,6272.549999999999,0.5807706943915913,4528.86,,,11.7183,-15.281999600352338,6.10509778752911,-0.11631521194498808,-0.5,0.3000000000000007,22.4,22.13113963266209,-0.0037216800445928006,0.8000000000000007,0.0006196065100329553,61,138.87890909027777
2026-02-14_17-25-51,2026-02-14,79,3,1.0871677113519183,0.7167812658487654,251.64837196944444,13.9186,10.7931,3.125499999999999,12.4684,11.9933,11.2599,0.833499999999999,11.927059842293115,2.508700000000001,0.00025857749297082097,12.902062785277778,153.8796594886743,5160.84,12.757299760555554,172.33519707224892,0.23390963290800182,1.0113474659559085,0.8929090638644326,6516.07,4284.25,0.3966780613907736,6517.09,0.05837557808609037,0.5252926394076842,12.26,-8.191398143189328,9.013539036888611,-0.09992861841560696,-0.8000000000000007,0.3999999999999986,22.3,21.889903677891567,-0.005765403082458566,1.1999999999999993,0.000494327549341152,79,251.64837196944444
2026-02-17_14-44-40,2026-02-17,82,3,0.9297646772612178,0.6130037668981482,361.0604556105556,13.8019,10.7931,3.008799999999999,12.2267,11.7516,11.1849,0.6751000000000005,11.701431876904604,2.2170000000000005,0.00025589425426218303,11.034067804166668,129.1106425128566,4413.65,11.182936797777778,152.16829940270904,0.23009787623350883,0.9866878444988894,0.848472664935086,5740.4,5060.0599999999995,0.4685041192689941,5741.42,0.0880560498220641,0.7923723643238437,12.0517,-12.827334272335936,7.319904575964459,-0.10065901594231917,-0.5,0.20000000000000284,22.9,22.62206387332088,-0.003586389536279188,0.7000000000000028,0.0005115232704294335,82,361.0604556105556
2026-02-20_02-46-22,2026-02-20,85,3,0.7649127690715034,0.5043151458179013,462.04858349166676,13.6769,10.7848,2.8920999999999992,12.01,11.6016,11.0432,0.708400000000001,11.558685173933517,2.117000000000001,0.00028238874641351347,9.077672624722222,104.92054987333036,2421.04,9.017106749166667,122.79256497037413,0.18997360737473068,1.0067167748192793,0.8544536055472438,4869.870000000001,2330.5,0.32366392282618806,4870.89,0.06977071526465908,0.942030243360374,11.5433,-6.525527973057694,4.96914392541047,-0.10944239457203246,0.09999999999999787,1.1000000000000014,22.9,22.81377152307144,0.0005151972180234601,1.0000000000000036,0.0007837712305673136,85,462.04858349166676
2026-02-23_10-19-36,2026-02-23,88,3,0.6552022925704718,0.43198185868827155,546.0842831325001,13.7102,10.7931,2.9170999999999996,11.9516,11.5933,11.0348,0.6751000000000005,11.544751787548401,2.0336,0.00028378158330233096,7.775673456388888,89.76277752382767,2073.79,7.723085734444444,104.66341269425718,0.14178279678990846,1.0068091594153754,0.8576328175543324,4419.12,981.7799999999997,0.18178081430872628,4420.14,0.06022828342721611,0.8127987533353096,11.6933,-7.140662082741377,4.539770700187,-0.10657018398743312,0.10000000000000142,0.0,23.1,23.08317056552351,0.0005134227762716978,-0.10000000000000142,0.0008478413758755039,88,546.0842831325001
2026-02-24_21-28-36,2026-02-24,89,3,0.62574686736378,0.41256158273148147,620.6313123841669,13.6769,10.7931,2.883799999999999,11.9766,11.5849,11.0515,0.6417999999999999,11.568151169618694,1.9670000000000005,0.00029946668318754193,7.426108489166666,85.90106757602108,1980.56,7.4743771952777776,101.75691947214234,0.17534066859111955,0.9935421099510998,0.8441791282757722,4109.610000000001,1290.8400000000001,0.2390245257339666,4110.63,0.0660781364609651,0.892068057850321,11.7099,-5.613875276066873,4.2623403841969045,-0.12217577911974915,0.0,-0.09999999999999787,23.8,23.72442233760057,0.0,-0.09999999999999787,0.0008393544899974238,89,620.6313123841669
2026-03-06_13-23-46,2026-03-06,99,3,0.20806241821092003,0.1371777711419753,687.6304207563893,12.5767,10.7765,1.8002000000000002,11.4016,11.2182,10.9098,0.3417999999999992,11.17801741200231,1.8503000000000007,0.00040321526863609395,2.4691998805555553,27.597305584458525,658.54,6.554370954722223,91.14141481831062,0.37391731470107337,0.3767256839157956,0.3027965457796924,2736.01,2664.4100000000003,0.49337088596812845,2737.03,0.07595077388140982,1.0253506375538088,11.3849,-3.2315136179322135,3.2247942611162657,-0.3301297175883974,0.40000000000000213,2.1999999999999993,21.8,21.59119923782303,0.002002692254352573,1.7999999999999972,0.0011290115362183662,99,687.6304207563893
2026-03-08_17-14-27,2026-03-08,101,3,0.0009572620862045326,0.0006311331018518519,732.6804345230559,13.2018,12.4517,0.7500999999999998,12.5684,12.5101,12.4517,0.1166999999999998,12.635083333333332,,,0.011360395833333333,0.14211925522777777,3.03,,,,,,,,,,0.049100873373772204,0.6627120328821348,,,,,0.0,,22.6,22.599999999999994,0.0,,0.044091487520006176,101,732.6804345230559
2026-03-08_17-35-53,2026-03-08,101,3,0.6116088217734533,0.40324021850308633,756.1196819133336,13.6185,10.7931,2.8253999999999984,12.035,11.6683,11.1515,0.5917000000000012,11.636984377599042,1.9169999999999998,0.00029088692559759306,7.2583239330555545,84.45951720122605,1935.81,7.282150583611111,99.24645048840567,0.1780706636880567,0.996728074999001,0.8510079381739997,3990.6800000000003,1409.3700000000003,0.260992027851594,3991.7,0.07010334490667817,0.94618134103819,11.7599,-5.5678719968824115,4.358455634247598,-0.13248388468553313,0.20000000000000284,-0.20000000000000284,24.6,24.495442196180207,0.0009623889704796717,-0.4000000000000057,0.0009517487955676596,101,756.1196819133336
2026-03-10_09-26-42,2026-03-10,103,3,0.5840980420094157,0.3851020680246913,823.3711812391666,13.6019,10.7931,2.8087999999999997,11.9516,11.6183,11.0599,0.4916999999999998,11.563296131440163,1.8335000000000008,0.0002803691556433558,6.931837224444444,80.14944246594561,1848.75,6.971335944444444,96.4595273149374,0.2123759713455847,0.9943341247194554,0.8309126604390268,3660.8599999999997,1739.4700000000003,0.32210438991691254,3661.92,0.07629898408862638,1.0295517866474935,11.6349,-7.216041679865825,3.847693867105721,-0.14575920310434837,0.10000000000000142,0.09999999999999787,25.3,25.211346072186835,0.0004724234608495137,-3.552713678800501e-15,0.000879484594481549,103,823.3711812391666
2025-12-09_15-58-25,2025-12-09,12,4,1.0,0.6667530694444443,40.50892039944445,13.9019,10.7931,3.1087999999999987,12.4184,11.96,11.2599,0.8001000000000005,11.898366474297283,2.5587,0.0002632693976541907,12.00155525,142.79497727516392,4800.66,12.263200762499999,165.52509672372113,0.25338590041877107,0.9786641744217307,0.8626787121804484,6104.49,4696.26,0.43480869384070553,6105.51,0.06440691158156912,0.5796686449252803,12.21,-7.5012839325401055,8.09670855776417,-0.10497636049147177,-0.5999999999999979,0.1999999999999993,24.2,23.86336436061444,-0.004684118298063909,0.7999999999999972,0.0005123515733628464,12,40.50892039944445
2026-01-27_20-58-50,2026-01-27,61,4,0.7355023014389925,0.49039841706790127,147.7060805975,13.8686,10.7598,3.1088000000000005,11.8433,11.5433,10.9515,0.6166999999999998,11.476532256447436,1.9419000000000004,0.00030646355011482835,8.827171507222223,101.30168288627112,3530.86,9.211057523611112,127.01501830361339,0.29074361597722176,0.9583233504508188,0.7975567317883797,4355.79,6444.38,0.5966924594705454,4356.81,0.14171329506748404,1.2756676538737244,11.6766,-8.8962787298277,4.501591515444268,-0.15108163720248624,-0.3999999999999986,0.3000000000000007,22.2,22.001207579059734,-0.0029634544526657477,0.6999999999999993,0.000623454580401585,61,147.7060805975
2026-02-14_17-25-51,2026-02-14,79,4,1.041966544548929,0.6947343918364198,264.1535910225,13.8519,10.7931,3.0587999999999997,12.4517,11.985,11.2682,0.8168000000000006,11.921849179644548,2.4837000000000007,0.0002595528307233,12.505219053055557,149.08142867700275,5002.1,12.452046118888887,168.22910786362283,0.23397578573875336,1.0042702166101047,0.8861809384251006,6359.59,4440.6900000000005,0.411164340183773,6360.61,0.06023172033446012,0.5420915061821745,12.2684,-8.005065407346596,8.788806388243177,-0.10136554174139957,-0.5999999999999979,0.5999999999999979,21.9,21.597163265306122,-0.004324602626188368,1.1999999999999957,0.0005034532748490853,79,264.1535910225
2026-02-17_14-44-40,2026-02-17,82,4,0.8977772552297616,0.5985957406018518,371.83517894138896,13.8602,10.7848,3.0754,12.1683,11.7683,11.1849,0.6918000000000006,11.723625992603042,2.1586999999999996,0.0002381501097613286,10.774723330833334,126.31499847316822,4309.88,10.913737656111111,149.7099025916986,0.24122090045366762,0.9872624457671532,0.843731752452375,5521.32,5279.42,0.4888016932173166,5522.34,0.10096923350524634,0.9087331984705675,11.9016,-9.317073481751839,6.73146049299974,-0.1340637498523265,-0.40000000000000213,0.10000000000000142,22.6,22.350327964434076,-0.0028669957279723285,0.5000000000000036,0.0005173929416192311,82,371.83517894138896
2026-02-20_02-46-22,2026-02-20,85,4,0.7308736438323045,0.48731224540123463,470.82020390888897,13.6519,10.7931,2.8587999999999987,11.9933,11.6099,11.1015,0.6167999999999996,11.57019854086518,2.0586,0.00026808746813728065,8.771620417222223,101.48399756251523,2339.4,8.859919248333334,120.45232136001668,0.18177298728674574,0.9900339011410605,0.8425242155291673,4833.44,2367.45,0.3287718601450654,4834.46,0.06980381111909925,0.9422537247722731,11.8266,-6.2175108645907455,5.091887252875388,-0.11174954089177247,0.5,0.6999999999999993,24.5,24.22864525655223,0.00257234157739596,0.1999999999999993,0.0007940920865445078,85,470.82020390888897
2026-02-23_10-19-36,2026-02-23,88,4,0.6238824633212062,0.41597554739197523,553.5718429855557,13.6435,10.7931,2.8503999999999987,11.9683,11.6183,11.0682,0.5833999999999993,11.558482918529943,2.000300000000001,0.0002929268398349966,7.487559853055554,86.53944377124915,1996.93,7.516694551944444,102.23013313258753,0.16944430554303389,0.9961240012232034,0.8465160038382391,4162.38,1238.5099999999993,0.22931590904462032,4163.4,0.06083602287001663,0.821100758875471,11.8266,-6.113797249272087,4.200832939670049,-0.12012890316014066,0.09999999999999787,0.0,23.3,23.200208341522853,0.0005131685241399269,-0.09999999999999787,0.0008228289085170181,88,553.5718429855557
2026-02-24_21-28-36,2026-02-24,89,4,0.609149422090293,0.4061522469290123,627.9420528288891,13.6269,10.7931,2.8337999999999983,11.9433,11.5933,11.0515,0.6085000000000012,11.556539374092862,1.9419000000000004,0.0002880241345126949,7.310740444722222,84.48149434501117,1949.81,7.266686968055556,99.91398649646617,0.20332884318469024,1.0060623881089588,0.845542223940781,3859.8199999999997,1540.4700000000003,0.2852569028700311,3860.84,0.07134968870441742,0.9628854539727244,11.5766,-6.4743544148292385,4.137371746755196,-0.09688029617780668,0.09999999999999787,-0.09999999999999787,23.8,23.75281803542673,0.0005119781151829923,-0.19999999999999574,0.0008603978133245123,89,627.9420528288891
2026-03-06_13-23-46,2026-03-06,99,4,0.5220507537739513,0.3480789424845679,693.8958417211115,13.5602,10.7931,2.7670999999999992,11.9016,11.5433,11.0682,0.5751000000000008,11.49989943267165,1.7835999999999999,0.0002987013144361341,6.265420964722222,72.0464391096858,1670.99,6.511910923888888,90.47303264455047,0.2749131919922592,0.9621478300229169,0.7963305418614751,3148.1299999999997,2252.73,0.4171057942623953,3149.15,0.06981234873558695,0.9422537802667803,11.6766,-6.064189514862807,3.3381248077957446,-0.11860101593703913,0.3000000000000007,0.1999999999999993,24.3,24.12290854431866,0.0014503614707709383,-0.10000000000000142,0.0009506715843725197,99,693.8958417211115
2026-03-08_17-35-53,2026-03-08,101,4,0.5647661009508654,0.3765595313271605,762.8977534772225,13.5769,10.7765,2.8004,11.985,11.6099,11.1515,0.49180000000000135,11.59176505736508,1.8835999999999995,0.0002686266849407083,6.778071563888889,78.56438803587983,1807.72,6.904390982499999,94.939610220262,0.2058045742181272,0.9817044806802973,0.8275195974958051,3655.9799999999996,1744.67,0.3230481516113802,3657.0,0.07229331000533784,0.9758584744380534,11.5599,-8.869650255271582,4.02129221593396,-0.14630537137670813,0.10000000000000142,-0.1999999999999993,24.5,24.468972254787026,0.00048000783256736207,-0.3000000000000007,0.0009579130629477129,101,762.8977534772225
2026-03-10_09-26-42,2026-03-10,103,4,0.5544740200326214,0.3696972547839506,830.0257318252777,13.5769,10.7931,2.7837999999999994,11.9016,11.6349,11.0849,0.45010000000000083,11.56090616865189,1.8003,0.00028918403369220154,6.654550586111111,76.92763922454,1774.78,6.7262071175,93.1359268546443,0.21800003122884307,0.9893466659386007,0.8259716934432799,3506.91,1893.3900000000003,0.35060829953891454,3510.87,0.07810838941960442,1.0543500000000012,11.81,-8.664921546518455,3.927469083949929,-0.13979117400205404,0.10000000000000142,-0.3999999999999986,25.5,25.43912331917905,0.00047175828255267263,-0.5,0.0009201605858970988,103,830.0257318252777
2025-12-09_15-58-25,2025-12-09,12,5,1.0,0.6696847111882717,52.563245200833336,13.8852,10.7931,3.0920999999999985,12.4184,11.9683,11.2682,0.8001000000000005,11.904878579457666,2.5504,0.00026076303645279294,12.05432480138889,143.5013386392957,4821.75,12.228528383055556,165.06409169598516,0.2506230298208064,0.985754329858035,0.869367390356446,6109.8,4690.849999999999,0.4343118238254179,6110.82,0.06393991282689905,0.5754656094333741,12.2517,-7.572363191744099,8.17205845075687,-0.10386331405001974,-0.6999999999999993,1.1999999999999993,23.8,23.431988533641707,-0.005449614507237756,1.8999999999999986,0.0005175011167316247,12,52.563245200833336
2026-01-27_20-58-50,2026-01-27,61,5,0.736985888696586,0.49354818202160494,156.5899478738889,13.8769,10.7848,3.0920999999999985,11.7766,11.4932,10.9682,0.6166999999999998,11.456209646886336,2.0336,0.0002949745487611307,8.883867276388889,101.77116022885048,3553.53,9.273423746666666,127.26715562103385,0.27719092648213883,0.9579921633131665,0.7996655518246722,4469.03,6331.679999999999,0.5862281275953155,4470.05,0.1403685278341346,1.263562395430921,11.6099,-10.232381449147825,4.2561573225655716,-0.12182952159228554,-0.20000000000000284,0.20000000000000284,22.1,22.02483372737919,-0.0014755021479598439,0.4000000000000057,0.0006022846297039109,61,156.5899478738889
2026-02-14_17-25-51,2026-02-14,79,5,1.0151700407402546,0.6798438555401235,276.39078042222224,13.8269,10.7931,3.0337999999999994,12.4434,11.985,11.2765,0.8001000000000005,11.919740734271448,2.4670000000000005,0.0002585583926391152,12.237189399722222,145.86021641638388,4894.92,12.243680678055554,165.36170333605583,0.23308647019060555,0.9994698262308518,0.8820676944767549,6260.469999999999,4540.280000000001,0.4203671041362869,6261.48,0.06393409818569913,0.5753109825240136,12.3184,-7.6489574947975,8.570768965106293,-0.1023942205020271,-0.5,0.7000000000000028,21.9,21.667879487919915,-0.003602586828036277,1.2000000000000028,0.0005168945606307231,79,276.39078042222224
2026-02-17_14-44-40,2026-02-17,82,5,0.8768003713492475,0.5871798034567902,382.4044154036112,13.8852,10.7765,3.108699999999999,12.1267,11.7433,11.1515,0.6417000000000002,11.711819932871938,2.0503,0.0002565492150052794,10.569236462222223,123.78149135842001,4227.74,10.737947678333333,146.4055451905288,0.23259894538275688,0.984288318292747,0.8454699663003449,5494.07,5306.24,0.4913044162621258,5495.09,0.1185748345254171,1.0671912969539328,11.9933,-9.19889729031454,6.266897851492427,-0.1242744820960064,-0.40000000000000213,0.6000000000000014,22.3,21.990256134029234,-0.002860267408097118,1.0000000000000036,0.0005253445517493596,82,382.4044154036112
2026-02-20_02-46-22,2026-02-20,85,5,0.7349899938523181,0.49221156175925923,479.68001202055564,13.6519,10.7931,2.8587999999999987,11.9933,11.5933,11.0432,0.6250999999999998,11.561775123045345,2.0753000000000004,0.0002700572640144762,8.859808111666666,102.42946677281799,2362.95,8.8790746575,120.51082427035017,0.17681413044501398,0.9978301178246024,0.8499607184084225,4873.18,2327.2000000000007,0.323205164171891,4874.2,0.06642547891584122,0.896431765612952,11.6849,-7.448505896638057,5.040221898510442,-0.12342326228800111,0.10000000000000142,-0.10000000000000142,25.4,25.235845044685863,0.0005150421472880399,-0.20000000000000284,0.0008144163982302433,85,479.68001202055564
2026-02-23_10-19-36,2026-02-23,88,5,0.6081310295224531,0.40725605287037037,560.9024519372224,13.6102,10.7848,2.8254,11.9266,11.5766,11.0599,0.591800000000001,11.54136676734456,1.9670000000000005,0.0002896113834200965,7.330608951666666,84.59986467176446,1955.08,7.366559879444445,100.38931029969888,0.1807279376306175,0.9951197128149198,0.8427178592940112,4023.88,1376.9900000000002,0.25495707173103593,4024.9,0.06700456083021197,0.9046855296453976,11.7099,-5.938635779900901,4.5169435545287975,-0.11617538853183,0.10000000000000142,-0.1999999999999993,23.3,23.289062876415322,0.0005131582200656859,-0.3000000000000007,0.0009022806980093025,88,560.9024519372224
2026-02-24_21-28-36,2026-02-24,89,5,0.585661110817249,0.39220829185185185,635.0018020822224,13.5852,10.7931,2.7920999999999996,11.9683,11.5849,11.0849,0.6167999999999996,11.561262820860088,1.9586000000000006,0.00030741149784455784,7.059749253333333,81.61428835481826,1882.83,7.143946241944444,97.41046541065458,0.19257540060519723,0.9882142186181689,0.8378390146351917,3845.84,1554.8600000000001,0.28789971670339026,3846.86,0.07285940764227397,0.9834999999999994,11.885,-8.363598772685231,4.019081998691348,-0.14230777660016744,0.0,-0.40000000000000213,23.7,23.61842664776754,0.0,-0.40000000000000213,0.0008740809042627946,89,635.0018020822224
2026-03-06_13-23-46,2026-03-06,99,5,0.5554154847631236,0.37195325850308636,700.591000374167,13.5185,10.7931,2.7253999999999987,11.985,11.5933,11.0515,0.6417000000000002,11.566937407384591,1.8086000000000002,0.00029892919113845963,6.695158653055555,77.43731005685099,1785.61,6.7790161,92.87284739047811,0.2065647756349512,0.9876298498620699,0.833799245233331,3586.16,1813.96,0.33591105382843345,3587.18,0.08030625328896175,1.084021990646379,11.8266,-10.402922067372012,4.7995005437010425,-0.12944811913233906,0.10000000000000142,-0.20000000000000284,24.6,24.529429865049014,0.00048226246981132104,-0.30000000000000426,0.0009000017990142107,99,700.591000374167
2026-03-08_17-35-53,2026-03-08,101,5,0.5503882545044942,0.36858659925925924,769.5323122638891,13.5519,10.7931,2.758799999999999,12.0183,11.5516,11.1682,0.5418000000000003,11.563306437702753,1.8419000000000008,0.00029427696163672847,6.634558786666666,76.7121454877185,1769.42,6.688243612777777,92.38565151969478,0.22604935084242989,0.9919732549800448,0.8303469665023145,3451.24,1949.17,0.3609300034627001,3452.26,0.07166098428698495,0.967086481248148,11.5266,-8.719591766276839,4.0086451550898925,-0.12547440631856666,0.09999999999999787,-0.29999999999999716,24.4,24.345800984872014,0.00047946542024643557,-0.399999999999995,0.0009710056549812618,101,769.5323122638891
2026-03-10_09-26-42,2026-03-10,103,5,0.5419230589545196,0.3629175872222222,836.5582483952777,12.8934,10.7848,2.108599999999999,11.9016,11.6183,11.1515,0.4916999999999998,11.556082284300672,1.8085000000000004,0.0003030564358087839,6.53251657,75.4864184039751,1742.25,6.575885733333333,90.82213645984629,0.22360197721974467,0.9934048179831512,0.8311455923231741,3404.04,1996.4799999999996,0.3696829194225741,3405.06,,,11.5683,-9.940354545731301,4.69276861978567,-0.07937331198935728,0.0,-0.40000000000000213,25.2,25.13947735976571,0.0,-0.40000000000000213,0.0009574562240866465,103,836.5582483952777
2025-12-09_15-58-25,2025-12-09,12,6,1.0,0.6727041785648148,64.671920415,13.8686,10.7931,3.0755,12.4267,11.9683,11.2765,0.8001000000000005,11.907624219779086,2.542,0.0002570523545420686,12.108675214166666,144.18159060325053,4843.5,12.235282881111111,164.99782813022856,0.2458370500938024,0.9896522484870455,0.8738393240512942,6152.29,4648.139999999999,0.4303661983828421,6153.34,0.0644183718861212,0.5796687194172617,12.31,-7.755974553738542,8.279394464071284,-0.10319621221397518,-0.6999999999999993,0.3999999999999986,24.3,23.91560812673293,-0.005122233017715504,1.0999999999999979,0.0005168981729906539,12,64.671920415
2026-01-27_20-58-50,2026-01-27,61,6,0.896775915191789,0.6032649053858025,167.44871617083334,13.3268,10.7931,2.5336999999999996,12.11,11.6683,11.0265,0.8084000000000007,11.633156605226626,2.242000000000001,0.0002698161954288158,10.858768296944444,126.31850594575356,4343.54,10.92267258111111,149.10636042477353,0.24713540608705994,0.9941493912142731,0.8471704733848909,5482.73,5318.0,0.49237412656366747,5483.75,,,11.9683,-16.37293605689811,7.520451863358231,-0.1495911479191896,-0.5,0.7999999999999972,22.1,21.81078628120989,-0.0037218904174743214,1.2999999999999972,0.0005826680990733484,61,167.44871617083334
2026-02-14_17-25-51,2026-02-14,79,6,0.9945074163366067,0.6690092945833332,288.4329477247222,13.8186,10.7931,3.025499999999999,12.4434,11.985,11.2849,0.7918000000000003,11.92114110195354,2.442,0.00025941365130117516,12.0421673025,143.55251141699563,4816.9,12.045828525000001,162.69803126144126,0.23243287343279234,0.9996960588893987,0.8823248216588406,6164.57,4635.610000000001,0.42921599454823905,6165.59,0.06855770940778938,0.6170262404410451,12.26,-7.783121372422288,8.395163942934506,-0.10234035085876692,-0.7000000000000028,0.1999999999999993,22.1,21.736715464119204,-0.0050463250270590745,0.9000000000000021,0.0005243206361908039,79,288.4329477247222
2026-02-17_14-44-40,2026-02-17,82,6,0.8668138176804496,0.583109277191358,392.9003823930557,13.9019,10.7931,3.1087999999999987,12.135,11.785,11.0599,0.7834000000000003,11.704142265836202,1.9420000000000002,0.0002324432292220997,10.495966989444444,122.842478499754,4198.45,10.674432058611112,146.62273567051852,0.24502765341776922,0.9832810712376309,0.8378133032233006,5373.09,5427.83,0.5025340433963033,5374.11,0.10742102865523707,0.9671544893945614,12.0267,-10.053983350141282,6.5536308094879,-0.10081138976284312,0.6000000000000014,0.5,23.1,22.741597620962462,0.004286960560893614,-0.10000000000000142,0.0005390665158563013,82,392.9003823930557
2026-02-20_02-46-22,2026-02-20,85,6,0.7108849403631812,0.4782152698611111,488.28788687805564,13.6435,10.7681,2.875399999999999,11.985,11.5766,11.0432,0.6668000000000003,11.581664500243932,2.0336,0.000273229395465254,8.6078748575,99.68808604563631,2295.72,8.653702209999999,117.7857735005085,0.18803886429962507,0.9947043067362497,0.8463508205021546,4684.75,2515.91,0.3493999161188002,4685.76,0.06455677905481277,0.8713196190638552,11.7433,-7.324767741461363,5.221830593977627,-0.11436659087246238,-0.3000000000000007,-1.1999999999999993,25.2,25.023963890028725,-0.001538619570133765,-0.8999999999999986,0.0008091664549329704,85,488.28788687805564
2026-02-23_10-19-36,2026-02-23,88,6,0.6059134466001701,0.4076005073765432,568.2392610700002,13.5852,10.7931,2.7920999999999996,11.9183,11.5933,11.0849,0.5833999999999993,11.56389177454222,1.983600000000001,0.00029796451504285104,7.336809132777778,84.83676218160797,1956.73,7.318320465833333,99.67807678555587,0.1805968940556412,1.0025263538308773,0.8511075345496781,3998.16,1401.9499999999998,0.259615081914998,3999.18,0.0688610108704513,0.9295272413358738,11.91,-6.499560590320497,4.249508858151556,-0.11777165378098357,0.09999999999999787,0.10000000000000142,23.2,23.140865693196407,0.0005137675869102022,3.552713678800501e-15,0.0008813574912093525,88,568.2392610700002
2026-02-24_21-28-36,2026-02-24,89,6,0.5655281387099607,0.3804331420061728,641.8495986383335,13.5769,10.7931,2.7837999999999994,11.9183,11.5766,11.0765,0.5668000000000006,11.55665411537956,1.9002999999999997,0.0003120083082779153,6.84779655611111,79.13231671076554,1826.32,6.947275204166666,94.95968133532942,0.20310978651958686,0.9856809115614287,0.8333254239904935,3691.16,1708.8599999999997,0.3164543835022833,3692.18,0.06853231803973277,0.9254261566495313,11.7183,-6.050742399483851,4.0052559602464175,-0.14153297342718457,0.0,-0.1999999999999993,23.2,23.184523144367557,0.0,-0.1999999999999993,0.0009219589162652198,89,641.8495986383335
2026-03-06_13-23-46,2026-03-06,99,6,0.5356138124811286,0.3603096497530863,707.0765740697226,13.5352,10.7931,2.742099999999999,11.91,11.5349,11.0765,0.6250999999999998,11.523025423478945,1.8086000000000002,0.00030844344717009635,6.485573695555554,74.7282518985678,1729.72,6.616652718055555,90.86180111501528,0.21372002359156106,0.980189526625402,0.8224385933531606,3468.66,1932.2799999999997,0.3577673516091643,3469.69,0.07688973198076363,1.0379037361155359,11.4932,-5.970851009492652,3.8289593427754793,-0.08182482036820844,0.40000000000000213,-0.1999999999999993,24.8,24.59547104737701,0.001924127516075111,-0.6000000000000014,0.0009477773044506363,99,707.0765740697226
2026-03-08_17-35-53,2026-03-08,101,6,0.5425602236891703,0.3649825295987655,776.1019977966669,13.5435,10.7931,2.750399999999999,11.91,11.5849,11.1349,0.4833999999999996,11.532762350325886,1.8503000000000007,0.00031451081026730816,6.569685532777779,75.76137124438951,1752.14,6.614806333888889,91.30537573623002,0.2229556321164357,0.9931788175142865,0.829758057874432,3426.95,1973.2699999999995,0.3654054834803026,3427.97,0.07999555292024903,1.0795639853246368,11.6516,-6.910972490341288,6.148242863846521,-0.10260006154838258,0.09999999999999787,-0.1999999999999993,24.2,24.162804659498203,0.00047976214064732685,-0.29999999999999716,0.0009446367057540157,101,776.1019977966669
2026-03-10_09-26-42,2026-03-10,103,6,0.5158026733431504,0.3469826136728395,842.8039354413888,13.5435,10.7931,2.750399999999999,11.885,11.6016,11.0682,0.5668000000000006,11.52971166208412,1.750300000000001,0.0002501047151927083,6.245687046111111,72.00567800222673,1665.74,6.3735119099999995,88.10757503991992,0.21548130597280085,0.9799443594530148,0.8172473021712637,3333.74,2067.1000000000004,0.38273675946704594,3334.76,0.0870644370188709,1.1753873126421608,11.6433,-7.955995191370811,3.6084407809499397,-0.09329126705233336,0.10000000000000142,-0.1999999999999993,24.8,24.75242919749305,0.0004714159864284221,-0.3000000000000007,0.0009339501941021266,103,842.8039354413888
2025-12-09_15-58-25,2025-12-09,12,7,1.0,0.6738987451080247,76.80209782694445,13.8436,10.7931,3.0504999999999995,12.4267,11.9683,11.2765,0.7918000000000003,11.907701854252496,2.542,0.0002566790512715605,12.130177411944445,144.43861197193118,4852.09,12.196225689166667,164.43390342194346,0.24343693932236665,0.9945845314029496,0.87839921674362,6152.030000000001,4648.63,0.4304024013347333,6153.05,0.06442983626979891,0.5796687939357538,12.31,-7.8455325799634865,8.325498488510028,-0.10267329030624582,-0.6999999999999993,0.5,24.0,23.720461939368434,-0.005108899051358533,1.1999999999999993,0.0005208698733254412,12,76.80209782694445
2026-01-27_20-58-50,2026-01-27,61,7,0.8938965451010553,0.60239576,178.29183985083333,13.8602,10.7931,3.0671,12.0933,11.7016,11.0682,0.6918000000000006,11.653795513107234,2.2003000000000004,0.0002550245639642667,10.84312368,126.35968687670344,4337.3,10.929910574722223,149.14298916023094,0.24530362828713928,0.9920596884916024,0.8472385298711534,5499.66,5301.07,0.49080663992156087,5500.68,0.10699359772363508,0.962953078872488,11.6683,-12.794731817166948,6.424998871318655,-0.11057688972865233,-0.5999999999999979,0.5999999999999979,22.4,22.125162493436896,-0.004453515164258244,1.1999999999999957,0.0005792648663971207,61,178.29183985083333
2026-02-14_17-25-51,2026-02-14,79,7,0.9784586632565168,0.659382065308642,300.3018249002778,13.3518,10.7931,2.5587,12.435,11.985,11.2849,0.7835000000000001,11.919875826319206,2.4337,0.00026048315738726765,11.868877175555555,141.47232434516513,4747.58,11.885125565277779,160.55216905677418,0.2297753524633887,0.9986328802642445,0.8811610903564806,6103.41,4696.910000000001,0.43488618855737615,6104.46,,,12.3017,-9.04934984223257,9.599446581552433,-0.1031006497041087,-0.5,0.3000000000000007,21.7,21.440470755590844,-0.003600670643003524,0.8000000000000007,0.00052317936633449,79,300.3018249002778
2026-02-17_14-44-40,2026-02-17,82,7,0.8689281606978918,0.5855695970833333,403.4406351405557,13.9102,10.7848,3.125399999999999,12.1267,11.7683,11.1432,0.6668000000000003,11.697142931585738,2.0920000000000005,0.00025571971857415673,10.5402527475,123.28691066463763,4216.08,10.67898671138889,145.6785141202149,0.23235237442918186,0.9870086958961254,0.8462943997554809,5465.610000000001,5334.46,0.49392828009448086,5466.63,0.12086526012813299,1.087998855358421,11.9266,-12.560407575967936,6.9799046161862766,-0.11049279736381892,-0.8000000000000007,-0.3000000000000007,23.6,23.237897187558204,-0.005716336969097169,0.5,0.0005395964702254391,82,403.4406351405557
2026-02-20_02-46-22,2026-02-20,85,7,0.6994054660304742,0.47132846587962973,496.77179926388897,13.6602,10.7848,2.875399999999999,11.9516,11.6266,11.0515,0.6250999999999998,11.568666313172606,2.0085999999999995,0.0002727699294894448,8.483912385833335,98.14217004168432,2262.65,8.536899038888889,116.38947722201158,0.1933858150471912,0.9937932201360027,0.8432220195858365,4591.08,2609.79,0.362427040065992,4592.1,0.069484277848181,0.938051647806013,11.6099,-7.212323141877172,4.817519139462281,-0.10404374113526589,0.0,0.3000000000000007,23.7,23.660668933453607,0.0,0.3000000000000007,0.000817990470461186,85,496.77179926388897
2026-02-23_10-19-36,2026-02-23,88,7,0.5899502169283136,0.3975667108641975,575.3954618655558,13.5685,10.7931,2.7753999999999994,11.935,11.6433,11.0432,0.5833999999999993,11.564763963333805,1.983600000000001,0.0003048184256305449,7.156200795555555,82.75463786484282,1908.57,7.2052999147222225,98.13405625584089,0.18704361239575154,0.993185693899244,0.8432815377476798,3905.46,1495.0000000000005,0.2768282701843917,3906.48,0.06668938793352548,0.9003200749801806,11.6849,-6.001107766294831,4.13791335234386,-0.10002354666593438,0.1999999999999993,-0.10000000000000142,23.5,23.443072177668103,0.0010274995676304286,-0.3000000000000007,0.0008976228982473195,88,575.3954618655558
2026-02-24_21-28-36,2026-02-24,89,7,0.5720237640410898,0.38548609675925927,648.7883483800002,13.5685,10.7931,2.7753999999999994,11.91,11.5683,11.0432,0.5668000000000006,11.529804433252638,1.8918999999999997,0.000310432335336876,6.938749741666666,79.99718671821736,1850.56,6.890435711666667,95.11671146397498,0.2230805251719592,1.0070117525250537,0.841042393991049,3569.2299999999996,1831.62,0.3391355064480591,3570.25,0.07876683135106685,1.0631119844037817,11.6099,-6.392978941647624,3.726032360690155,-0.11658710816718104,0.10000000000000142,-0.20000000000000284,23.1,22.982687250827045,0.0005111566277947405,-0.30000000000000426,0.0009088703933584512,89,648.7883483800002
2026-03-06_13-23-46,2026-03-06,99,7,0.5347665453352232,0.3603785038271605,713.5633871386115,13.5435,10.7848,2.7586999999999993,11.9266,11.6183,11.0432,0.6168000000000013,11.539431231069804,1.8253000000000004,0.0003120160664087362,6.486813068888889,74.84896549600623,1730.04,6.576116280833333,90.28039710291448,0.21201121788710078,0.9864200679959497,0.8290721784340702,3454.92,1946.06,0.3603160907835245,3455.94,0.08183819115587276,1.1048319482425135,11.8266,-6.553222757928871,3.655321541801402,-0.23551423621778478,0.29999999999999716,-0.29999999999999716,24.9,24.706805498843064,0.0014436803661713059,-0.5999999999999943,0.0009687461947481247,99,713.5633871386115
2026-03-08_17-35-53,2026-03-08,101,7,0.5301411869752742,0.357261480632716,782.5327044480557,13.5269,10.7931,2.7337999999999987,11.8933,11.5849,11.0932,0.5249999999999986,11.54605381092317,1.8253000000000004,0.00031637515740227246,6.430706651388888,74.2441293239137,1715.07,6.4855734824999995,89.72388659044545,0.23609031165151434,0.9915401727759067,0.8274733980574114,3303.25,2097.6099999999997,0.38838444247767945,3304.27,0.08214341289189564,1.1088210732625425,11.6516,-5.00751418798879,4.03711392367085,-0.12658609908188564,0.1999999999999993,-0.1999999999999993,24.2,24.088092078165754,0.0009580889614782711,-0.3999999999999986,0.0009602577118765938,101,782.5327044480557
2026-03-10_09-26-42,2026-03-10,103,7,0.5163438038836288,0.34796344148148145,849.0672773880555,13.5685,10.7931,2.7753999999999994,11.9266,11.6516,11.0682,0.6334,11.52899789128678,1.725200000000001,0.00028715964983762484,6.263341946666666,72.20450365484372,1670.45,6.305978765,87.82174253958979,0.2498805516073161,0.9932386676323777,0.8221711567872174,3153.76,2246.6699999999996,0.4160168727305047,3154.78,0.08122961755114143,1.096218057737919,11.6683,-6.816920622310644,3.3000674966812977,-0.14893541795964815,0.09999999999999787,-0.3000000000000007,24.7,24.62309102015882,0.0004712560867531064,-0.3999999999999986,0.0010009638057257636,103,849.0672773880555
2025-12-09_15-58-25,2025-12-09,12,8,1.0,0.6725886402160495,88.90869335083333,13.8269,10.7931,3.0337999999999994,12.4184,11.9683,11.2765,0.7835000000000001,11.904550684126733,2.542,0.00025478216217970516,12.10659552388889,144.11973427642968,4842.67,12.176952316388888,164.10151723763727,0.24119213937669012,0.9942221345151113,0.8782352333021288,6160.57,4640.42,0.4296291358477325,6161.58,0.06534697508896799,0.5880247553380784,12.21,-7.8815279960495515,8.319271704170614,-0.10301073673733177,-0.40000000000000213,0.5,23.8,23.611928584169817,-0.002909552456173935,0.9000000000000021,0.000525523266502452,12,88.90869335083333
2026-01-27_20-58-50,2026-01-27,61,8,0.887353131345445,0.5968236360030864,189.03466529888888,13.8436,10.7931,3.0504999999999995,12.1183,11.6766,11.1015,0.6918000000000006,11.648565602506789,2.1586999999999996,0.00027267497194140365,10.742825448055555,125.1345709709803,4297.13,10.829116540277777,148.1676362126236,0.2570476155836212,0.992031566757891,0.844547258561982,5364.219999999999,5436.51,0.5033465330584137,5365.24,0.11169372775800719,1.0050760092304276,12.0433,-11.670170231800896,6.118383559176422,-0.09950343887090125,-0.5999999999999979,0.3999999999999986,22.4,22.075003654970764,-0.004449128232993852,0.9999999999999964,0.0005765814247059043,61,189.03466529888888
2026-02-14_17-25-51,2026-02-14,79,8,0.9640510556390431,0.6484097886111111,311.9732010952778,13.8102,10.7931,3.0170999999999992,12.4267,11.985,11.2932,0.7751000000000001,11.923050381592729,2.417,0.00026105934019391607,11.671376194999999,139.1545708171578,4668.59,11.714628674444445,158.31195505311942,0.2287442119044349,0.996307823265555,0.8789896553956799,6023.9,4776.15,0.4422340637311864,6024.92,0.07459749154954651,0.6713848836950735,12.21,-7.609642356268472,8.071521813962601,-0.10291592916107387,-0.3999999999999986,0.29999999999999716,21.5,21.270821839467132,-0.0028813827704192545,0.6999999999999957,0.0005393275794684377,79,311.9732010952778
2026-02-17_14-44-40,2026-02-17,82,8,0.8669211218712419,0.5830812985339507,413.9360985141668,13.9436,10.7931,3.150499999999999,12.11,11.8016,11.1265,0.6501000000000001,11.70886698386459,2.0753000000000004,0.00025346569357144753,10.495463373611113,122.88601201279084,4198.22,10.622666120277776,145.10679656874646,0.23472557146419612,0.988025346440679,0.8468659974487949,5420.07,5380.26,0.4981570007583102,5421.09,0.11679270462633456,1.0509591525800717,11.8516,-9.612093312655848,6.072541129807599,-0.08954443125391744,-0.3999999999999986,0.09999999999999787,22.5,22.2998092102802,-0.0028598297635079083,0.49999999999999645,0.000540321275693389,82,413.9360985141668
2026-02-20_02-46-22,2026-02-20,85,8,0.693096095416056,0.46616856035493837,505.1628333502779,13.6602,10.7931,2.867099999999999,11.9933,11.5933,11.0682,0.6334,11.564629811430358,2.000300000000001,0.00027194646690311563,8.39103408638889,97.03369574933357,2237.9,8.456437526666667,115.3422821206626,0.19519890757980735,0.9922658400689969,0.8412673476308026,4537.59,2663.0899999999992,0.3698386819022647,4538.61,0.07661912104857364,1.0339980242868159,11.6266,-6.952533972858806,4.703430767509473,-0.1105126504607851,-0.10000000000000142,-0.09999999999999787,24.1,23.969804967026796,-0.0005131750710755575,3.552713678800501e-15,0.0008300550270458404,85,505.1628333502779
2026-02-23_10-19-36,2026-02-23,88,8,0.5856029621447559,0.3938699000154321,582.4851200658336,13.5602,10.7848,2.7753999999999994,11.9183,11.6016,11.0182,0.6084999999999994,11.55461287906834,1.9670000000000005,0.00030642374403039177,7.0896582002777775,81.91297464834317,1890.82,7.133500152222221,97.2267023300059,0.18930475589592904,0.9938540756979186,0.8424946304392281,3855.7799999999997,1544.5200000000004,0.2860063329815011,3856.8,0.06609010130653564,0.8922295856584924,11.6183,-7.084817992943593,4.282770255685751,-0.11392048251280848,0.0,0.10000000000000142,23.5,23.43583378305451,0.0,0.10000000000000142,0.0009254872503948292,88,582.4851200658336
2026-02-24_21-28-36,2026-02-24,89,8,0.5582177642112807,0.3754509269753086,655.5464650655558,13.5435,10.7848,2.7586999999999993,11.9433,11.5933,11.0765,0.5751000000000008,11.535023522248114,1.8919999999999995,0.000310296609883848,6.758116685555555,77.94978836779295,1802.4,6.856649650277777,93.7574486601709,0.20073695190993915,0.985629575704188,0.8313983526826365,3653.8900000000003,1746.6100000000001,0.3234163503379317,3654.91,0.07875778238956416,1.0628599006818853,11.7433,-5.901600953055073,3.565442015853318,-0.12465767217283423,0.3000000000000007,-0.09999999999999787,23.2,22.993580978095196,0.0015355524212935967,-0.3999999999999986,0.0009232596339692974,89,655.5464650655558
2026-03-06_13-23-46,2026-03-06,99,8,0.5356198335108765,0.36025181549382723,720.0479198175003,13.5435,10.7848,2.7586999999999993,11.91,11.5016,11.0098,0.45839999999999925,11.486030918169098,1.7835999999999999,0.00030200117514722776,6.48453267888889,74.47621092414417,1729.42,6.554139596944444,90.20542057171534,0.2147641961002617,0.9893797016334523,0.8256289971502756,3431.3599999999997,1969.04,0.36461002888674915,3432.38,0.0821554835792797,1.108984010643265,11.3266,-6.734514507645946,3.6256571220822913,-0.13200990184577738,0.1999999999999993,-0.3000000000000007,24.8,24.697286135693215,0.0009626837825624792,-0.5,0.0009685545853682728,99,720.0479198175003
2026-03-08_17-35-53,2026-03-08,101,8,0.5186744482330128,0.34885454185185183,788.8120862013891,13.5269,10.7848,2.742099999999999,11.86,11.5433,11.1265,0.45840000000000103,11.52222865954512,1.8086000000000002,0.00027374374805634474,6.2793817533333325,72.34694183904718,1674.73,6.411985363888889,88.18540142184357,0.21291078902706181,0.9793194146539455,0.8203959008245417,3364.8900000000003,2035.2800000000002,0.37689183859026665,3365.91,0.08397568627741481,1.1338271197647132,11.7683,-5.991031241557189,3.2014339963744995,-0.15469454517757858,0.1999999999999993,0.1999999999999993,24.2,24.05467754030746,0.0009580232812949579,0.0,0.0009872483123458196,101,788.8120862013891
2026-03-10_09-26-42,2026-03-10,103,8,0.5141131325387946,0.34578665273148146,855.2914371372221,13.5435,10.7848,2.7586999999999993,11.8183,11.5266,11.1849,0.44170000000000087,11.5378098123494,1.7501999999999995,0.0003064936374019396,6.224159749166667,71.80783766236713,1660.0,6.25445532,86.96379772362297,0.2450680889631454,0.9951561616026808,0.8257210418820192,3148.16,2251.92,0.41701604420675253,3149.18,0.0864494809919315,1.1670852832872736,11.7099,-7.541036150672118,5.978353494456859,-0.13228326753549327,0.20000000000000284,-0.3000000000000007,24.6,24.478526504941602,0.0009425305051943639,-0.5000000000000036,0.0009436872529660679,103,855.2914371372221
2025-12-09_15-58-25,2025-12-09,12,9,1.0,0.6728501083179013,101.01999530055555,13.8102,10.7931,3.0170999999999992,12.4184,11.9683,11.2765,0.7918000000000003,11.903030370478932,2.542,0.0002540637149538778,12.111301949722224,144.1573588078811,4844.54,12.162389391666666,163.8359753367744,0.23873646270348495,0.9957995554739066,0.8798883060424137,6173.0599999999995,4627.0,0.428423545795116,6174.08,0.06535377017452146,0.5881904669477106,12.2183,-7.718344237756224,8.365612076880197,-0.103061213223959,-0.5,0.40000000000000213,23.9,23.61570083156376,-0.0036366676960617583,0.9000000000000021,0.0005100932545686634,12,101.01999530055555
2026-01-27_20-58-50,2026-01-27,61,9,0.8882606126165637,0.5976662494135803,199.79265778833332,13.8269,10.7931,3.0337999999999994,12.16,11.6849,11.1015,0.7334999999999994,11.647772477174016,2.1586999999999996,0.0002579536690716661,10.757992489444446,125.30282633206708,4303.21,10.894231401111112,148.6873232787598,0.24442661451959619,0.9874943989483488,0.8427270299106041,5488.130000000001,5311.909999999999,0.491841696882604,5489.14,0.11585854092526694,1.0425530805160146,11.5016,-11.608191624248429,7.255124435383065,-0.09831240087977704,0.3000000000000007,0.10000000000000142,22.5,22.25534528067742,0.0022220848684286706,-0.1999999999999993,0.0005730459149262306,61,199.79265778833332
2026-02-14_17-25-51,2026-02-14,79,9,0.013194544887545085,0.008877950956790122,312.1330042125,13.8186,10.7931,3.025499999999999,12.8851,12.6017,12.5684,0.15839999999999854,11.685598232070834,0.14170000000000016,-0.0008205554132561097,0.15980311722222218,2.013476350261277,9955.15,0.4644879069444445,5.782902084574722,0.0,0.34404150212103496,0.3481774930327822,309.67999999999995,,,309.67999999999995,0.07785852901762122,0.7008630135843718,10.7931,-0.20315137142046266,0.34239375727132937,-0.8908867322659175,0.10000000000000142,-0.10000000000000142,21.7,21.47129110369687,0.001079377692892449,-0.20000000000000284,0.0005558620858511492,79,312.1330042125
2026-02-17_14-44-40,2026-02-17,82,9,0.8568103926830464,0.5765049655246913,424.31318789361126,13.9519,10.7848,3.1670999999999996,12.1517,11.7266,11.1432,0.7250999999999994,11.70472306889881,1.9502000000000006,0.00024908374791549417,10.377089379444444,121.45708122710842,4150.87,10.468679175277778,144.14337172242654,0.2684920435727458,0.9912510647905204,0.8426130163029308,5105.82,5694.18,0.5272388888888889,5106.84,0.11718611061710825,1.054686714165036,11.9266,-7.509764444416773,5.963037366994824,-0.1032409479987946,-0.3000000000000007,0.10000000000000142,22.2,22.06599890282428,-0.0021407517191732086,0.40000000000000213,0.0005415776551911508,82,424.31318789361126
2026-02-20_02-46-22,2026-02-20,85,9,0.683905703068527,0.46016602638888887,513.4458218252779,13.6685,10.7931,2.875399999999999,11.9516,11.5933,11.0932,0.5750999999999991,11.567016803601499,1.9920000000000009,0.00027645687424064766,8.282988475,95.80358701336735,2209.08,8.362780144166667,114.06122542123614,0.196291308004861,0.9904587149499171,0.8399312444659256,4481.25,2719.62,0.37767936374354766,4482.26,0.07289080276606308,0.983923790217979,11.6599,-6.261948493307428,4.615733350423039,-0.12431990396453534,-0.10000000000000142,0.0,24.0,23.860294222159055,-0.0005126774112963171,0.10000000000000142,0.0008440509108729313,85,513.4458218252779
2026-02-23_10-19-36,2026-02-23,88,9,0.5723099519080079,0.385078813132716,589.4165387022225,13.5519,10.7848,2.7670999999999992,11.91,11.5766,11.1015,0.4916999999999998,11.547709107875063,1.9420000000000002,0.0003088903529616585,6.931418636388888,80.03645462260785,1848.62,7.0137581563888896,95.63142620354154,0.19405692041056835,0.9882602852616186,0.836926288773092,3768.8199999999997,1631.3400000000001,0.3020910491540992,3769.84,0.06826216823178004,0.921443704093506,11.7516,-6.440595689543837,3.731112217104768,-0.1273766805587683,0.0,0.0,23.6,23.498840813553564,0.0,0.0,0.0009218620162914132,88,589.4165387022225
2026-02-24_21-28-36,2026-02-24,89,9,0.5593073982841866,0.37633004351851856,662.3204058488892,13.5519,10.7931,2.758799999999999,11.96,11.5933,11.1349,0.5585000000000004,11.559731273420677,1.9002999999999997,0.0003052525921753444,6.773940783333334,78.29980404298827,1806.63,6.794309886111112,93.45485454282371,0.21128811255415378,0.9970020350676945,0.8378355990817903,3572.93,1827.8200000000002,0.33843817988242375,3573.95,0.0753573890037573,1.0173398230285242,11.7516,-6.188766041606253,3.5610973155486643,-0.11531647242305645,0.09999999999999787,-0.09999999999999787,23.2,23.11601859495156,0.0005114662846364284,-0.19999999999999574,0.0009389829078644686,89,662.3204058488892
2026-03-06_13-23-46,2026-03-06,99,9,0.5262521578387331,0.3540888214043209,726.4215186027781,13.5435,10.7931,2.750399999999999,11.8933,11.4932,11.0682,0.4834000000000014,11.483100059711152,1.7419000000000011,0.00031689683056930387,6.3735987852777765,73.18345550226896,1699.85,6.4278996983333325,88.81185881091731,0.23173765302937588,0.9915523085916174,0.8240279674595977,3292.54,2108.26,0.3903606873055844,3293.56,0.08461726583516753,1.1423500122279286,11.6016,-5.438035154087659,3.6198468731167686,-0.13328436374363564,0.3000000000000007,-0.40000000000000213,24.8,24.61352911298887,0.001440804460906249,-0.7000000000000028,0.0009649341412932198,99,726.4215186027781
2026-03-08_17-35-53,2026-03-08,101,9,0.5202802606095328,0.3500706297067901,795.1133575361113,13.5435,10.7931,2.750399999999999,11.8683,11.6099,11.1099,0.5251000000000001,11.527607582041593,1.6669,0.00029625111722164844,6.301271334722221,72.6332784123558,1680.55,6.3644129922222215,88.22974051683747,0.23220141095065291,0.9900789503168377,0.8232289700375433,3257.9700000000003,2143.0099999999998,0.3967816951738388,3258.99,0.0793766676549066,1.071727891343018,11.7599,-5.599851025700013,3.331719123847738,-0.14518583204041943,0.3000000000000007,0.1999999999999993,24.7,24.55680523120037,0.0014317981838407887,-0.10000000000000142,0.001035246254072346,101,795.1133575361113
2026-03-10_09-26-42,2026-03-10,103,9,0.5052784887861905,0.3399766859104938,861.4110174836111,13.5352,10.7931,2.742099999999999,11.885,11.5599,11.0765,0.5917000000000012,11.532190644874703,1.7584999999999997,0.0003035661491365272,6.119580346388888,70.56686910089404,1632.1,6.2099584225,86.39273759369144,0.24772604644779506,0.9854462671145023,0.8168148280330333,3114.66,2285.5699999999997,0.4232356769989426,3115.68,0.08983557493212233,1.212946457397276,11.5599,-6.66288449648973,4.550397662269411,-0.1940895847882289,0.1999999999999993,-0.3000000000000007,24.5,24.36038570672823,0.0009430038282892321,-0.5,0.0009683743658405902,103,861.4110174836111
2025-12-09_15-58-25,2025-12-09,12,10,1.0,0.6715159758641976,113.1072828661111,13.8019,10.7931,3.008799999999999,12.41,11.96,11.2765,0.7918000000000003,11.901882512259743,2.5336999999999996,0.00025377603705692403,12.087287565555558,143.85765332358665,4834.93,12.125749238611112,163.3174920203011,0.23825508220699254,0.9968280992540169,0.8808465740197902,6158.389999999999,4641.610000000001,0.42977870370370375,6159.41,0.06625822807329661,0.5963306784824768,12.3017,-7.650413563300618,8.338941800794242,-0.1029457400041994,-0.40000000000000213,-1.5,23.8,23.58025597713097,-0.002900267400596106,-1.0999999999999979,0.000518510193344228,12,113.1072828661111
2026-01-27_20-58-50,2026-01-27,61,10,0.8995860260831354,0.6040863881790123,210.66621277555555,13.8436,10.7931,3.0504999999999995,12.0933,11.6683,11.0265,0.7667999999999999,11.60397623049758,2.1669,0.00026153356881941815,10.87355498722222,126.17262524938981,4349.46,10.99605522611111,150.19336957632544,0.2481638705122127,0.98885961952992,0.8400678778650829,5512.01,5288.6,0.4896575286025512,5513.03,0.11904232616041256,1.071392839676329,11.985,-8.689618216592393,6.1748498867241395,-0.1191254709041339,0.0,0.8999999999999986,22.6,22.44532192250749,0.0,0.8999999999999986,0.0005686329325439683,61,210.66621277555555
2026-02-16_14-42-38,2026-02-16,81,10,1.127774696322828,0.7573187257561729,325.7647412761111,13.2352,10.7931,2.4421,12.41,11.9683,11.2849,0.7834000000000003,11.906223278706262,2.4754000000000005,0.00024417045214449967,13.631737063611112,162.2994024878121,5452.74,12.919178959722222,174.28800559850583,0.2166630626669282,1.0551550610228726,0.9312138372946273,6747.27,4053.2,0.3752799646682042,6748.29,,,12.4267,-11.249870913151225,11.277157693277305,-0.08986725398825665,-0.10000000000000142,1.3000000000000007,23.2,22.688805035069777,-0.0007267204900960402,1.4000000000000021,0.0004103544108633126,81,325.7647412761111
2026-02-17_14-44-40,2026-02-17,82,10,0.8539384942070223,0.573433341265432,434.634988036389,13.9436,10.7848,3.1587999999999994,12.1433,11.7433,11.1849,0.6751000000000005,11.727924704507473,1.983600000000001,0.0002529881595079152,10.321800142777777,121.04947768853508,4128.7,10.39566560361111,143.20611353925716,0.2610199738652708,0.9928945905293765,0.8452814946014978,5121.94,5678.87,0.5257818626565971,5122.96,0.13581784913824266,1.2223810149215548,12.135,-9.281779185436212,5.97084019268158,-0.10016932256766027,-0.10000000000000142,-0.09999999999999787,22.0,21.929231412975255,-0.0007145178308892472,3.552713678800501e-15,0.000549579042787738,82,434.634988036389
2026-02-20_02-46-22,2026-02-20,85,10,0.6761598012564459,0.4540521087808642,521.6187597833334,13.6769,10.7931,2.883799999999999,11.9516,11.6099,11.0849,0.6250999999999998,11.568743104879964,1.9670000000000005,0.00027649715085655474,8.172937958055556,94.54514166890146,2179.73,8.258227937222223,112.82483193586299,0.20179651990737854,0.9896721209665041,0.837981675192276,4394.929999999999,2805.8100000000004,0.38965578537761403,4395.95,0.07351338931671123,0.9923278370305582,11.8516,-6.45059452702534,4.447403407447736,-0.11167472746584918,-0.09999999999999787,0.09999999999999787,23.7,23.636847223222645,-0.0005124446000373328,0.19999999999999574,0.0008339607898136714,85,521.6187597833334
2026-02-23_10-19-36,2026-02-23,88,10,0.581977630415731,0.390807276419753,596.451069677778,13.5519,10.7931,2.758799999999999,11.9016,11.5433,11.0599,0.5000999999999998,11.533505402639491,1.9503000000000004,0.00030848155455939313,7.034530975555554,81.12755075827891,1876.12,7.048238043611111,96.05328325756805,0.1873463032173837,0.9980552489897838,0.8446098665959642,3818.8900000000003,1581.3299999999995,0.2928269589016743,3819.91,0.07132352123998385,0.96311360288806,11.7016,-6.497889093631982,3.8445464431804774,-0.130521836848539,0.10000000000000142,-0.10000000000000142,23.6,23.531383624116145,0.0005129633507869018,-0.20000000000000284,0.0009346864312563598,88,596.451069677778
2026-02-24_21-28-36,2026-02-24,89,10,0.5579537652752693,0.3746748671759259,669.0645534580559,13.5352,10.7848,2.750399999999999,11.985,11.6516,11.1349,0.5167000000000002,11.595422000856184,1.9085999999999999,0.00030380232679433084,6.744147609166666,78.19620504986119,1798.68,6.764234418055555,93.08739086916722,0.21366272208918605,0.9970304386797608,0.8400300440235204,3546.34,1853.9900000000002,0.34331050139528513,3547.35,0.07810810009926951,1.0543499999999995,11.8933,-6.166548047297787,3.675918870312864,-0.12742110990742267,0.09999999999999787,-0.09999999999999787,23.3,23.185982368857466,0.0005115877951751573,-0.19999999999999574,0.0009074254602485902,89,669.0645534580559
2026-03-06_13-23-46,2026-03-06,99,10,0.516869933850812,0.34708641802469137,732.6690741272225,13.5269,10.7848,2.742099999999999,11.8183,11.5599,11.0682,0.5,11.466660237843744,1.750300000000001,0.0003076856412291927,6.2475555244444445,71.63350569935335,1666.22,6.327523697500001,87.7786866376581,0.24504429114651555,0.987361853249613,0.8160694633658568,3185.1499999999996,2215.6500000000005,0.4102447785513258,3186.17,0.08741476430477314,1.1796884687222051,11.6433,-6.040911269957687,3.0557942423728597,-0.1247257246745314,0.20000000000000284,-0.3000000000000007,24.6,24.507292255511587,0.0009598050231783963,-0.5000000000000036,0.0009186603165860521,99,732.6690741272225
2026-03-08_17-35-53,2026-03-08,101,10,0.5173837978973415,0.34743148594135803,801.3671242830557,13.5185,10.7931,2.7253999999999987,11.86,11.5849,11.1765,0.44180000000000064,11.521618657405465,1.733600000000001,0.00030236107263970156,6.253766746944445,72.04840093118145,1667.89,6.335815420833334,87.83360983703615,0.23265021462795787,0.987050021435426,0.8202828173048778,3241.51,2158.65,0.3997381559064917,3242.53,0.08092202786836637,1.0920670426919648,11.7433,-6.845643028529949,3.5620173522182075,-0.123411090146967,0.10000000000000142,0.1999999999999993,25.0,24.951962537650605,0.00047453382571586116,0.09999999999999787,0.000937437296553556,101,801.3671242830557
2026-03-10_09-26-42,2026-03-10,103,10,0.5064823295519308,0.340110975787037,867.5330150477778,13.5769,10.7848,2.7920999999999996,11.8266,11.5266,11.1015,0.5000999999999998,11.497121988497863,1.7419000000000011,0.00030881170832904096,6.121997564166666,70.38026405115733,1632.74,6.205463331388889,85.49732139898768,0.21853239370118335,0.986549631709202,0.8231867723985872,3233.24,2166.92,0.40126959201208856,3234.26,0.08709281773278543,1.1754874062985183,11.7016,-8.165919458160483,3.4600049050285193,-0.1594780076452088,0.1999999999999993,-0.1999999999999993,24.4,24.30913942307692,0.0009421972103599315,-0.3999999999999986,0.001033478045219605,103,867.5330150477778
