start_index,start_time,group,V_pre_1_10V,V_min_1_10V,V_drop_pct,soc_pct_est,R_internal_est_ohm,t_recovery_s,max_abs_imbalance_pct,mean_abs_imbalance_pct,temp_avg_start_C
0,2021-12-02 14:07:38.655817,PG1_est,123.0,117.0,4.878048780487805,68.33333333333339,0.002173913043478261,0.010000000000000009,1.2345679012345678,0.30318762295919316,21.15
0,2021-12-02 14:07:38.655817,PG2,124.0,118.0,4.838709677419355,78.00000000000004,0.002173913043478261,0.010000000000000009,1.2345679012345678,0.3886066685158589,21.15
0,2021-12-02 14:07:38.655817,PG3_est,123.0,117.0,4.878048780487805,68.33333333333339,0.002173913043478261,0.010000000000000009,1.2345679012345678,0.25010906669592353,21.15
0,2021-12-02 14:07:38.655817,PG4,123.0,117.0,4.878048780487805,68.33333333333339,0.002173913043478261,0.010000000000000009,1.2345679012345678,0.25010906669592353,21.15
1,2021-12-02 14:36:30.387233,PG1_est,123.0,115.0,6.504065040650407,68.33333333333339,0.00291970802919708,0.030000000000000027,4.3478260869565215,1.047333837766863,18.75
1,2021-12-02 14:36:30.387233,PG2,124.0,118.0,4.838709677419355,78.00000000000004,0.0021897810218978104,0.010000000000000009,2.542372881355932,0.23851849251743243,18.75
1,2021-12-02 14:36:30.387233,PG3_est,123.0,118.0,4.0650406504065035,68.33333333333339,0.0018248175182481751,0.010000000000000009,2.277432712215321,0.4718067461971728,18.75
1,2021-12-02 14:36:30.387233,PG4,123.0,118.0,4.0650406504065035,68.33333333333339,0.0018248175182481751,0.010000000000000009,2.277432712215321,0.4718067461971728,18.75
2,2021-12-02 15:16:49.672519,PG1_est,121.0,105.0,13.223140495867769,52.857142857142826,0.003278688524590164,0.5000000000000002,10.195227765726681,1.9812160598768542,18.56714285714286
2,2021-12-02 15:16:49.672519,PG2,122.0,110.0,9.836065573770492,60.0,0.0024590163934426227,0.7500000000000007,5.856832971800434,0.7941836280579654,18.56714285714286
2,2021-12-02 15:16:49.672519,PG3_est,122.0,109.0,10.655737704918032,60.0,0.002663934426229508,1.500000000000001,5.422993492407809,0.8858059215420502,18.56714285714286
2,2021-12-02 15:16:49.672519,PG4,122.0,109.0,10.655737704918032,60.0,0.002663934426229508,1.500000000000001,5.422993492407809,0.8858059215420502,18.56714285714286
3,2021-12-03 07:51:05.295463,PG1_est,121.0,108.0,10.743801652892563,52.857142857142826,0.002631578947368421,1.0000000000000009,4.212860310421286,1.1211656960957843,17.303571428571427
3,2021-12-03 07:51:05.295463,PG2,121.0,107.0,11.570247933884298,52.857142857142826,0.002834008097165992,1.0100000000000011,5.099778270509978,1.4245379342733375,17.303571428571427
3,2021-12-03 07:51:05.295463,PG3_est,121.0,111.0,8.264462809917356,52.857142857142826,0.0020242914979757085,1.0000000000000007,4.656319290465632,1.2137508673874504,17.303571428571427
3,2021-12-03 07:51:05.295463,PG4,121.0,111.0,8.264462809917356,52.857142857142826,0.0020242914979757085,1.0000000000000007,4.656319290465632,1.2137508673874504,17.303571428571427
4,2021-12-03 07:54:37.632662,PG1_est,123.0,113.0,8.130081300813007,68.33333333333339,0.002032520325203252,1.2500000000000013,4.237288135593221,0.9188719327925752,17.205000000000002
4,2021-12-03 07:54:37.632662,PG2,124.0,113.0,8.870967741935484,78.00000000000004,0.0022357723577235773,1.0000000000000009,4.237288135593221,1.1998602441699397,17.205000000000002
4,2021-12-03 07:54:37.632662,PG3_est,123.0,112.0,8.94308943089431,68.33333333333339,0.0022357723577235773,1.000000000000001,4.237288135593221,0.8326493414530405,17.205000000000002
4,2021-12-03 07:54:37.632662,PG4,123.0,112.0,8.94308943089431,68.33333333333339,0.0022357723577235773,1.000000000000001,4.237288135593221,0.8326493414530405,17.205000000000002
5,2021-12-06 08:12:36.206141,PG1_est,121.0,110.0,9.090909090909092,52.857142857142826,0.0022357723577235773,0.06000000000000005,8.444444444444445,1.6071739578767825,15.4
5,2021-12-06 08:12:36.206141,PG2,122.0,110.0,9.836065573770492,60.0,0.0024390243902439024,1.5000000000000016,8.444444444444445,0.7770666520917304,15.4
5,2021-12-06 08:12:36.206141,PG3_est,121.0,109.0,9.917355371900827,52.857142857142826,0.0024390243902439024,1.0000000000000009,3.111111111111111,0.650323865957056,15.4
5,2021-12-06 08:12:36.206141,PG4,121.0,109.0,9.917355371900827,52.857142857142826,0.0024390243902439024,1.0000000000000009,3.111111111111111,0.650323865957056,15.4
6,2021-12-06 08:18:14.808642,PG1_est,124.0,106.0,14.516129032258066,78.00000000000004,0.0037037037037037034,0.5000000000000004,8.423326133909287,1.9056454988335256,15.506666666666666
6,2021-12-06 08:18:14.808642,PG2,125.0,112.0,10.4,90.0,0.002674897119341564,1.0000000000000009,6.013363028953229,1.0792122124983472,15.506666666666666
6,2021-12-06 08:18:14.808642,PG3_est,125.0,112.0,10.4,90.0,0.002674897119341564,1.5000000000000016,2.8077753779697625,0.9076311366934329,15.506666666666666
6,2021-12-06 08:18:14.808642,PG4,125.0,112.0,10.4,90.0,0.002674897119341564,1.5000000000000016,2.8077753779697625,0.9076311366934329,15.506666666666666
7,2021-12-06 08:50:50.269040,PG1_est,122.0,105.0,13.934426229508196,60.0,0.0034764826175869125,0.5100000000000002,12.0,1.0594055548879746,15.379166666666668
7,2021-12-06 08:50:50.269040,PG2,121.0,110.0,9.090909090909092,52.857142857142826,0.0022494887525562374,1.0000000000000007,7.368421052631579,0.8422470469349363,15.379166666666668
7,2021-12-06 08:50:50.269040,PG3_est,121.0,110.0,9.090909090909092,52.857142857142826,0.0022494887525562374,0.7500000000000007,2.882483370288248,0.8120117925640287,15.379166666666668
7,2021-12-06 08:50:50.269040,PG4,121.0,110.0,9.090909090909092,52.857142857142826,0.0022494887525562374,0.7500000000000007,2.882483370288248,0.8120117925640287,15.379166666666668
8,2021-12-06 08:52:05.115946,PG1_est,127.0,109.0,14.173228346456693,100.0,0.003680981595092025,1.0000000000000009,7.23404255319149,0.9035952715573069,15.4
8,2021-12-06 08:52:05.115946,PG2,126.0,115.0,8.73015873015873,95.0,0.0022494887525562374,1.0000000000000009,2.978723404255319,0.6304562680194068,15.4
8,2021-12-06 08:52:05.115946,PG3_est,126.0,114.0,9.523809523809524,95.0,0.00245398773006135,1.0000000000000009,2.231237322515213,0.6830401749223179,15.4
8,2021-12-06 08:52:05.115946,PG4,126.0,114.0,9.523809523809524,95.0,0.00245398773006135,1.0000000000000009,2.231237322515213,0.6830401749223179,15.4
9,2021-12-06 09:30:45.268621,PG1_est,122.0,111.0,9.01639344262295,60.0,0.002254098360655738,0.25000000000000044,4.641350210970464,0.8143320827496439,15.375
9,2021-12-06 09:30:45.268621,PG2,121.0,112.0,7.43801652892562,52.857142857142826,0.0018442622950819673,0.5000000000000004,2.109704641350211,0.7238309111602588,15.375
9,2021-12-06 09:30:45.268621,PG3_est,121.0,111.0,8.264462809917356,52.857142857142826,0.002049180327868852,0.5000000000000009,2.109704641350211,0.7184357455397878,15.375
9,2021-12-06 09:30:45.268621,PG4,121.0,111.0,8.264462809917356,52.857142857142826,0.002049180327868852,0.5000000000000009,2.109704641350211,0.7184357455397878,15.375
10,2021-12-06 09:32:05.026704,PG1_est,127.0,103.0,18.89763779527559,100.0,0.004948453608247422,0.5000000000000004,14.87603305785124,1.0359055607646352,15.375
10,2021-12-06 09:32:05.026704,PG2,127.0,114.0,10.236220472440944,100.0,0.0026804123711340203,1.000000000000001,4.958677685950414,0.2575328803231392,15.375
10,2021-12-06 09:32:05.026704,PG3_est,127.0,113.0,11.023622047244094,100.0,0.00288659793814433,1.000000000000001,4.958677685950414,0.48918634022074803,15.375
10,2021-12-06 09:32:05.026704,PG4,127.0,113.0,11.023622047244094,100.0,0.00288659793814433,1.000000000000001,4.958677685950414,0.48918634022074803,15.375
11,2021-12-06 09:47:10.165223,PG1_est,121.0,98.0,19.00826446280992,52.857142857142826,0.004693877551020408,0.7500000000000009,15.151515151515152,0.6081742753453755,15.341666666666669
11,2021-12-06 09:47:10.165223,PG2,122.0,110.0,9.836065573770492,60.0,0.0024489795918367346,1.0000000000000007,5.627705627705628,0.597925314813433,15.341666666666669
11,2021-12-06 09:47:10.165223,PG3_est,121.0,110.0,9.090909090909092,52.857142857142826,0.0022448979591836735,1.0000000000000007,4.761904761904762,0.5102702946610931,15.341666666666669
11,2021-12-06 09:47:10.165223,PG4,121.0,110.0,9.090909090909092,52.857142857142826,0.0022448979591836735,1.0000000000000007,4.761904761904762,0.5102702946610931,15.341666666666669
12,2021-12-06 10:16:31.254854,PG1_est,121.0,91.0,24.793388429752067,52.857142857142826,0.006109979633401222,0.5000000000000004,19.290465631929045,1.1252080699582354,15.275
12,2021-12-06 10:16:31.254854,PG2,122.0,106.0,13.114754098360656,60.0,0.0032586558044806514,1.5000000000000016,8.203991130820398,1.4187670405812407,15.275
12,2021-12-06 10:16:31.254854,PG3_est,121.0,112.0,7.43801652892562,52.857142857142826,0.0018329938900203666,0.5000000000000004,5.5432372505543235,1.166867697689408,15.275
12,2021-12-06 10:16:31.254854,PG4,121.0,112.0,7.43801652892562,52.857142857142826,0.0018329938900203666,0.5000000000000004,5.5432372505543235,1.166867697689408,15.275
13,2021-12-06 10:34:17.070988,PG1_est,125.0,112.0,10.4,90.0,0.002663934426229508,1.2500000000000013,7.758620689655173,1.4973341416167238,15.275
13,2021-12-06 10:34:17.070988,PG2,125.0,113.0,9.6,90.0,0.0024590163934426227,1.5000000000000013,5.042016806722689,0.877926842793357,15.275
13,2021-12-06 10:34:17.070988,PG3_est,125.0,113.0,9.6,90.0,0.0024590163934426227,1.500000000000001,2.586206896551724,0.5222849013194927,15.275
13,2021-12-06 10:34:17.070988,PG4,125.0,113.0,9.6,90.0,0.0024590163934426227,1.500000000000001,2.586206896551724,0.5222849013194927,15.275
14,2021-12-06 10:36:41.051526,PG1_est,126.0,95.0,24.6031746031746,95.0,0.006313645621181263,0.5000000000000004,18.629550321199144,2.2269541591194932,17.119999999999997
14,2021-12-06 10:36:41.051526,PG2,126.0,110.0,12.698412698412698,95.0,0.0032586558044806514,1.5000000000000016,7.922912205567452,2.0325901659552694,17.119999999999997
14,2021-12-06 10:36:41.051526,PG3_est,126.0,115.0,8.73015873015873,95.0,0.002240325865580448,0.7500000000000009,5.353319057815845,1.367944121161449,17.119999999999997
14,2021-12-06 10:36:41.051526,PG4,126.0,115.0,8.73015873015873,95.0,0.002240325865580448,0.7500000000000009,5.353319057815845,1.367944121161449,17.119999999999997
15,2021-12-06 10:42:10.512549,PG1_est,123.0,103.0,16.260162601626014,68.33333333333339,0.00408997955010225,0.5000000000000002,9.050772626931566,0.7600556771746123,15.447619047619048
15,2021-12-06 10:42:10.512549,PG2,123.0,109.0,11.38211382113821,68.33333333333339,0.0028629856850715747,1.0000000000000009,5.353319057815845,0.9865908930834965,15.447619047619048
15,2021-12-06 10:42:10.512549,PG3_est,123.0,113.0,8.130081300813007,68.33333333333339,0.002044989775051125,1.0000000000000009,3.3112582781456954,0.6051750755108946,15.447619047619048
15,2021-12-06 10:42:10.512549,PG4,123.0,113.0,8.130081300813007,68.33333333333339,0.002044989775051125,1.0000000000000009,3.3112582781456954,0.6051750755108946,15.447619047619048
16,2021-12-06 10:47:33.222062,PG1_est,124.0,103.0,16.93548387096774,78.00000000000004,0.004294478527607362,1.0100000000000011,11.397849462365592,0.7643257044631397,15.35
16,2021-12-06 10:47:33.222062,PG2,124.0,113.0,8.870967741935484,78.00000000000004,0.0022494887525562374,1.0000000000000009,6.666666666666667,0.7190433385804309,15.35
16,2021-12-06 10:47:33.222062,PG3_est,124.0,113.0,8.870967741935484,78.00000000000004,0.0022494887525562374,1.250000000000001,2.3655913978494625,0.5168909030050393,15.35
16,2021-12-06 10:47:33.222062,PG4,124.0,113.0,8.870967741935484,78.00000000000004,0.0022494887525562374,1.250000000000001,2.3655913978494625,0.5168909030050393,15.35
17,2021-12-06 10:48:10.352193,PG1_est,124.0,113.0,8.870967741935484,78.00000000000004,0.002263374485596708,0.5000000000000004,8.459869848156183,1.4397038644073716,15.35833333333333
17,2021-12-06 10:48:10.352193,PG2,124.0,112.0,9.67741935483871,78.00000000000004,0.0024691358024691358,1.0000000000000009,7.628865979381444,0.9000782904567356,15.35833333333333
17,2021-12-06 10:48:10.352193,PG3_est,124.0,112.0,9.67741935483871,78.00000000000004,0.0024691358024691358,1.0000000000000009,2.819956616052061,0.6435477828606654,15.35833333333333
17,2021-12-06 10:48:10.352193,PG4,124.0,112.0,9.67741935483871,78.00000000000004,0.0024691358024691358,1.0000000000000009,2.819956616052061,0.6435477828606654,15.35833333333333
18,2021-12-07 07:01:46.625096,PG1_est,120.0,113.0,5.833333333333333,46.24999999999997,0.0023411371237458192,0.009999999999999787,2.78372591006424,0.9429963391325754,15.75
18,2021-12-07 07:01:46.625096,PG2,121.0,115.0,4.958677685950414,52.857142857142826,0.0020066889632107026,0.009999999999999787,1.7391304347826086,0.4749250399889199,15.75
18,2021-12-07 07:01:46.625096,PG3_est,120.0,115.0,4.166666666666666,46.24999999999997,0.0016722408026755853,0.010000000000000009,1.4989293361884368,0.5089951921657994,15.75
18,2021-12-07 07:01:46.625096,PG4,120.0,115.0,4.166666666666666,46.24999999999997,0.0016722408026755853,0.010000000000000009,1.4989293361884368,0.5089951921657994,15.75
19,2021-12-16 07:36:08.039748,PG1_est,118.0,108.0,8.47457627118644,40.0,0.002865329512893983,0.5000000000000004,4.635761589403973,1.1252962420452461,19.933333333333334
19,2021-12-16 07:36:08.039748,PG2,119.0,112.0,5.88235294117647,40.0,0.002005730659025788,1.000000000000001,1.7391304347826086,0.7370185356455897,19.933333333333334
19,2021-12-16 07:36:08.039748,PG3_est,118.0,111.0,5.932203389830509,40.0,0.002005730659025788,0.5000000000000002,1.5452538631346577,0.4657243034735682,19.933333333333334
19,2021-12-16 07:36:08.039748,PG4,118.0,111.0,5.932203389830509,40.0,0.002005730659025788,0.5000000000000002,1.5452538631346577,0.4657243034735682,19.933333333333334
20,2021-12-16 09:37:15.952660,PG1_est,120.0,114.0,5.0,46.24999999999997,0.001680672268907563,0.010000000000000009,1.5184381778741864,0.39113476249922075,13.466666666666665
20,2021-12-16 09:37:15.952660,PG2,121.0,114.0,5.785123966942149,52.857142857142826,0.00196078431372549,0.2500000000000002,2.386117136659436,0.5657105219926786,13.466666666666665
20,2021-12-16 09:37:15.952660,PG3_est,120.0,113.0,5.833333333333333,46.24999999999997,0.00196078431372549,0.5000000000000004,1.9522776572668112,0.38662496221297554,13.466666666666665
20,2021-12-16 09:37:15.952660,PG4,120.0,113.0,5.833333333333333,46.24999999999997,0.00196078431372549,0.5000000000000004,1.9522776572668112,0.38662496221297554,13.466666666666665
21,2021-12-16 09:41:39.510397,PG1_est,123.0,96.0,21.951219512195124,68.33333333333339,0.005510204081632653,0.5000000000000002,17.94871794871795,0.563424349800194,13.45
21,2021-12-16 09:41:39.510397,PG2,124.0,110.0,11.29032258064516,78.00000000000004,0.002857142857142857,1.0000000000000007,5.982905982905983,0.3209870324915802,13.45
21,2021-12-16 09:41:39.510397,PG3_est,124.0,110.0,11.29032258064516,78.00000000000004,0.002857142857142857,1.0000000000000007,5.982905982905983,0.22534013370853678,13.45
21,2021-12-16 09:41:39.510397,PG4,124.0,110.0,11.29032258064516,78.00000000000004,0.002857142857142857,1.0000000000000007,5.982905982905983,0.22534013370853678,13.45
22,2022-01-20 08:25:57.775099,PG1_est,122.0,103.0,15.573770491803279,60.0,0.003838383838383838,0.5000000000000004,11.206896551724139,0.7908800747530023,2.1
22,2022-01-20 08:25:57.775099,PG2,123.0,113.0,8.130081300813007,68.33333333333339,0.00202020202020202,1.0000000000000009,7.423580786026201,0.9646695458619186,2.1
22,2022-01-20 08:25:57.775099,PG3_est,122.0,115.0,5.737704918032787,60.0,0.0014141414141414141,0.5000000000000002,2.586206896551724,0.6982595444423145,2.1
22,2022-01-20 08:25:57.775099,PG4,122.0,115.0,5.737704918032787,60.0,0.0014141414141414141,0.5000000000000002,2.586206896551724,0.6982595444423145,2.1
23,2022-01-24 07:32:32.923586,PG1_est,122.0,113.0,7.377049180327869,60.0,0.0029605263157894733,0.010000000000000009,3.7344398340248963,0.4433122731917447,3.5
23,2022-01-24 07:32:32.923586,PG2,122.0,116.0,4.918032786885246,60.0,0.001973684210526316,0.010000000000000009,2.586206896551724,0.3323599340246014,3.5
23,2022-01-24 07:32:32.923586,PG3_est,122.0,116.0,4.918032786885246,60.0,0.001973684210526316,0.010000000000000009,1.2765957446808511,0.2618136506630838,3.5
23,2022-01-24 07:32:32.923586,PG4,122.0,116.0,4.918032786885246,60.0,0.001973684210526316,0.010000000000000009,1.2765957446808511,0.2618136506630838,3.5
24,2022-01-24 08:31:49.805103,PG1_est,121.0,106.0,12.396694214876034,52.857142857142826,0.0030927835051546395,0.06000000000000005,8.423326133909287,2.3229952823453024,4.95
24,2022-01-24 08:31:49.805103,PG2,121.0,105.0,13.223140495867769,52.857142857142826,0.0032989690721649486,1.5000000000000013,9.287257019438444,2.5272095288174854,4.95
24,2022-01-24 08:31:49.805103,PG3_est,121.0,110.0,9.090909090909092,52.857142857142826,0.002268041237113402,1.010000000000001,3.6363636363636362,1.0667812217787749,4.95
24,2022-01-24 08:31:49.805103,PG4,121.0,110.0,9.090909090909092,52.857142857142826,0.002268041237113402,1.010000000000001,3.6363636363636362,1.0667812217787749,4.95
25,2022-01-25 08:01:13.646631,PG1_est,112.0,100.0,10.714285714285714,40.0,0.0024242424242424242,1.0100000000000011,9.535452322738386,1.5083865741609923,6.233333333333333
25,2022-01-25 08:01:13.646631,PG2,112.0,101.0,9.821428571428571,40.0,0.0022222222222222222,1.0000000000000007,7.551487414187643,0.9635799234910699,6.233333333333333
25,2022-01-25 08:01:13.646631,PG3_est,112.0,98.0,12.5,40.0,0.0028282828282828283,1.5000000000000013,4.156479217603912,0.9396254138841182,6.233333333333333
25,2022-01-25 08:01:13.646631,PG4,112.0,98.0,12.5,40.0,0.0028282828282828283,1.5000000000000013,4.156479217603912,0.9396254138841182,6.233333333333333
26,2022-01-25 11:27:55.566258,PG1_est,119.0,97.0,18.487394957983195,40.0,0.004453441295546558,0.5000000000000007,12.808988764044944,0.6255352767050343,7.796666666666667
26,2022-01-25 11:27:55.566258,PG2,120.0,108.0,10.0,46.24999999999997,0.0024291497975708503,1.0000000000000009,7.865168539325842,0.8357401067196232,7.796666666666667
26,2022-01-25 11:27:55.566258,PG3_est,119.0,108.0,9.243697478991598,40.0,0.002226720647773279,1.0000000000000009,2.4719101123595504,0.5782082795033541,7.796666666666667
26,2022-01-25 11:27:55.566258,PG4,119.0,108.0,9.243697478991598,40.0,0.002226720647773279,1.0000000000000009,2.4719101123595504,0.5782082795033541,7.796666666666667
27,2022-01-25 12:28:00.689893,PG1_est,120.0,114.0,5.0,46.24999999999997,0.001694915254237288,0.010000000000000009,3.67170626349892,0.7804539985356042,6.65
27,2022-01-25 12:28:00.689893,PG2,120.0,115.0,4.166666666666666,46.24999999999997,0.0014124293785310734,0.010000000000000009,1.0526315789473684,0.3842509110335022,6.65
27,2022-01-25 12:28:00.689893,PG3_est,120.0,114.0,5.0,46.24999999999997,0.001694915254237288,0.010000000000000009,1.511879049676026,0.29658583987214704,6.65
27,2022-01-25 12:28:00.689893,PG4,120.0,114.0,5.0,46.24999999999997,0.001694915254237288,0.010000000000000009,1.511879049676026,0.29658583987214704,6.65
28,2022-01-26 07:35:58.318298,PG1_est,114.0,92.0,19.298245614035086,40.0,0.006432748538011695,0.5000000000000002,14.814814814814815,1.1478691237031593,7.15
28,2022-01-26 07:35:58.318298,PG2,114.0,104.0,8.771929824561402,40.0,0.0029239766081871343,1.010000000000001,5.555555555555555,1.9344620710975595,7.15
28,2022-01-26 07:35:58.318298,PG3_est,113.0,99.0,12.389380530973451,40.0,0.004093567251461988,1.5000000000000013,4.62962962962963,1.3585892566254045,7.15
28,2022-01-26 07:35:58.318298,PG4,113.0,99.0,12.389380530973451,40.0,0.004093567251461988,1.5000000000000013,4.62962962962963,1.3585892566254045,7.15
29,2022-01-26 09:03:42.296411,PG1_est,121.0,99.0,18.181818181818183,52.857142857142826,0.004489795918367347,0.5000000000000002,9.174311926605505,1.507292024755773,10.141666666666666
29,2022-01-26 09:03:42.296411,PG2,121.0,109.0,9.917355371900827,52.857142857142826,0.0024489795918367346,1.0000000000000009,11.009174311926605,0.6115716396918274,10.141666666666666
29,2022-01-26 09:03:42.296411,PG3_est,121.0,108.0,10.743801652892563,52.857142857142826,0.0026530612244897956,1.000000000000001,2.542372881355932,0.9808396983190572,10.141666666666666
29,2022-01-26 09:03:42.296411,PG4,121.0,108.0,10.743801652892563,52.857142857142826,0.0026530612244897956,1.000000000000001,2.542372881355932,0.9808396983190572,10.141666666666666
30,2022-01-27 07:42:40.632569,PG1_est,99.0,79.0,20.2020202020202,40.0,0.008547008547008548,1.000000000000001,3.7593984962406015,2.5831326037805638,5.375
30,2022-01-27 07:42:40.632569,PG2,110.0,94.0,14.545454545454545,40.0,0.0068376068376068385,1.000000000000001,16.408668730650156,11.531633236247949,5.375
30,2022-01-27 07:42:40.632569,PG3_est,98.0,75.0,23.46938775510204,40.0,0.009829059829059829,1.500000000000001,7.611548556430447,4.520182074763874,5.375
30,2022-01-27 07:42:40.632569,PG4,98.0,75.0,23.46938775510204,40.0,0.009829059829059829,1.500000000000001,7.611548556430447,4.520182074763874,5.375
31,2022-01-27 09:12:44.861055,PG1_est,120.0,100.0,16.666666666666664,46.24999999999997,0.004065040650406504,0.5000000000000007,13.043478260869565,0.7514511934493054,10.6625
31,2022-01-27 09:12:44.861055,PG2,120.0,110.0,8.333333333333332,46.24999999999997,0.002032520325203252,1.0000000000000007,4.3478260869565215,0.30851393312332887,10.6625
31,2022-01-27 09:12:44.861055,PG3_est,120.0,109.0,9.166666666666666,46.24999999999997,0.0022357723577235773,1.0000000000000007,4.3478260869565215,0.3264914612132165,10.6625
31,2022-01-27 09:12:44.861055,PG4,120.0,109.0,9.166666666666666,46.24999999999997,0.0022357723577235773,1.0000000000000007,4.3478260869565215,0.3264914612132165,10.6625
32,2022-01-27 09:21:26.100844,PG1_est,124.0,98.0,20.967741935483872,78.00000000000004,0.005316973415132925,0.5000000000000002,13.846153846153847,1.6873410391282908,11.1
32,2022-01-27 09:21:26.100844,PG2,124.0,111.0,10.483870967741936,78.00000000000004,0.0026584867075664623,1.0000000000000009,13.895216400911162,1.4504698948028323,11.1
32,2022-01-27 09:21:26.100844,PG3_est,124.0,108.0,12.903225806451612,78.00000000000004,0.0032719836400818,1.5000000000000016,3.3333333333333335,1.0542448395011845,11.1
32,2022-01-27 09:21:26.100844,PG4,124.0,108.0,12.903225806451612,78.00000000000004,0.0032719836400818,1.5000000000000016,3.3333333333333335,1.0542448395011845,11.1
33,2022-03-15 09:44:19.963826,PG1_est,139.0,84.0,39.568345323741006,100.0,0.011133603238866396,0.5000000000000002,24.153498871331827,4.187787566843699,11.285
33,2022-03-15 09:44:19.963826,PG2,140.0,102.0,27.142857142857142,100.0,0.007692307692307693,1.0000000000000009,12.014787430683919,2.272105556694332,11.285
33,2022-03-15 09:44:19.963826,PG3_est,139.0,99.0,28.776978417266186,100.0,0.008097165991902834,1.0000000000000009,7.93036750483559,2.252045905800722,11.285
33,2022-03-15 09:44:19.963826,PG4,139.0,99.0,28.776978417266186,100.0,0.008097165991902834,1.0000000000000009,7.93036750483559,2.252045905800722,11.285
34,2022-04-14 08:14:38.731284,PG1_est,138.0,82.0,40.57971014492754,100.0,0.011267605633802818,1.500000000000001,33.46855983772819,12.996850298872932,11.3
34,2022-04-14 08:14:38.731284,PG2,142.0,85.0,40.140845070422536,100.0,0.011468812877263581,1.5100000000000013,31.03448275862069,10.46311670669963,11.3
34,2022-04-14 08:14:38.731284,PG3_est,163.0,109.0,33.12883435582822,100.0,0.010865191146881288,1.0000000000000009,32.251521298174445,11.72998350278628,11.3
34,2022-04-14 08:14:38.731284,PG4,163.0,109.0,33.12883435582822,100.0,0.010865191146881288,1.0000000000000009,32.251521298174445,11.72998350278628,11.3
35,2022-04-19 07:33:58.915003,PG1_est,124.0,111.0,10.483870967741936,78.00000000000004,0.0026262626262626263,0.7500000000000004,5.2631578947368425,1.7262059195485622,17.825
35,2022-04-19 07:33:58.915003,PG2,125.0,114.0,8.799999999999999,90.0,0.0022222222222222222,0.7600000000000007,4.421052631578948,1.0065917207707102,17.825
35,2022-04-19 07:33:58.915003,PG3_est,124.0,113.0,8.870967741935484,78.00000000000004,0.0022222222222222222,1.010000000000001,4.842105263157895,1.0400609239512646,17.825
35,2022-04-19 07:33:58.915003,PG4,124.0,113.0,8.870967741935484,78.00000000000004,0.0022222222222222222,1.010000000000001,4.842105263157895,1.0400609239512646,17.825
36,2022-04-19 07:34:25.474679,PG1_est,125.0,114.0,8.799999999999999,90.0,0.002226720647773279,1.000000000000001,2.459016393442623,0.4918242298514672,17.758333333333333
36,2022-04-19 07:34:25.474679,PG2,125.0,114.0,8.799999999999999,90.0,0.002226720647773279,1.000000000000001,2.459016393442623,0.6027717961673532,17.758333333333333
36,2022-04-19 07:34:25.474679,PG3_est,125.0,113.0,9.6,90.0,0.0024291497975708503,1.0100000000000007,2.459016393442623,0.4961253051202844,17.758333333333333
36,2022-04-19 07:34:25.474679,PG4,125.0,113.0,9.6,90.0,0.0024291497975708503,1.0100000000000007,2.459016393442623,0.4961253051202844,17.758333333333333
37,2022-04-19 13:03:49.727457,PG1_est,125.0,102.0,18.4,90.0,0.004665314401622718,0.5000000000000004,12.258064516129032,0.6023647035641579,18.616666666666667
37,2022-04-19 13:03:49.727457,PG2,125.0,114.0,8.799999999999999,90.0,0.002231237322515213,1.000000000000001,7.526881720430108,0.6676346867949718,18.616666666666667
37,2022-04-19 13:03:49.727457,PG3_est,125.0,113.0,9.6,90.0,0.002434077079107505,1.000000000000001,2.3655913978494625,0.5307980453317424,18.616666666666667
37,2022-04-19 13:03:49.727457,PG4,125.0,113.0,9.6,90.0,0.002434077079107505,1.000000000000001,2.3655913978494625,0.5307980453317424,18.616666666666667
38,2022-04-20 08:16:50.247012,PG1_est,126.0,119.0,5.555555555555555,95.0,0.0018087855297157622,0.5000000000000004,2.459016393442623,0.47039721539218066,18.541666666666668
38,2022-04-20 08:16:50.247012,PG2,125.0,119.0,4.8,90.0,0.0015503875968992248,0.010000000000000009,2.459016393442623,0.3626127842544561,18.541666666666668
38,2022-04-20 08:16:50.247012,PG3_est,125.0,119.0,4.8,90.0,0.0015503875968992248,0.010000000000000009,2.459016393442623,0.3626127842544561,18.541666666666668
38,2022-04-20 08:16:50.247012,PG4,125.0,119.0,4.8,90.0,0.0015503875968992248,0.010000000000000009,2.459016393442623,0.3626127842544561,18.541666666666668
39,2022-04-20 09:18:49.253907,PG1_est,126.0,120.0,4.761904761904762,95.0,0.0014814814814814816,0.010000000000000009,1.6129032258064515,0.5163171897152258,18.35
39,2022-04-20 09:18:49.253907,PG2,126.0,119.0,5.555555555555555,95.0,0.001728395061728395,0.5000000000000002,1.6129032258064515,0.4088836574309067,18.35
39,2022-04-20 09:18:49.253907,PG3_est,126.0,118.0,6.349206349206349,95.0,0.0019753086419753087,0.5000000000000002,1.6129032258064515,0.41105403182048905,18.35
39,2022-04-20 09:18:49.253907,PG4,126.0,118.0,6.349206349206349,95.0,0.0019753086419753087,0.5000000000000002,1.6129032258064515,0.41105403182048905,18.35
40,2022-05-16 08:52:17.547990,PG1_est,122.0,97.0,20.491803278688526,60.0,0.005060728744939271,0.5000000000000004,16.017316017316016,1.7057500743316176,15.8
40,2022-05-16 08:52:17.547990,PG2,123.0,110.0,10.569105691056912,68.33333333333339,0.002631578947368421,1.000000000000001,6.581740976645436,1.8041967008943982,15.8
40,2022-05-16 08:52:17.547990,PG3_est,122.0,114.0,6.557377049180328,60.0,0.0016194331983805667,0.5000000000000002,4.761904761904762,1.6766709065354697,15.8
40,2022-05-16 08:52:17.547990,PG4,122.0,114.0,6.557377049180328,60.0,0.0016194331983805667,0.5000000000000002,4.761904761904762,1.6766709065354697,15.8
