start_index,start_time,can_tapper_id,window_start,window_end,temp_avg_start_C,pre_data_duration_s,post_data_duration_s,t_since_previous_start_s,n_voltage_samples,n_current_samples,n_temperature_samples,FILE_NAME_ORIGIN
0,2020-03-03 11:07:41.193508,can_tapper17,2020-03-03 11:06:41.193508,2020-03-03 11:09:41.193508,16.25,59.805075,119.988257,,2158,401,562,//qar7000185/GP0_UPLOAD/BOXER/CYLOM\KZ-04-84_CP-13\20240402\can_Tapper17-03-03-10-59-23.pcap.gz
1,2020-09-03 10:02:45.514642,can_tapper17,2020-09-03 10:01:45.514642,2020-09-03 10:04:45.514642,22.15,59.897274,119.992695,15893704.321134,2160,401,379,//qar7000185/GP0_UPLOAD/BOXER/CYLOM\KZ-04-84_CP-13\20201103\can_Tapper17-09-03-09-04-27.pcap.gz
2,2020-09-03 13:50:03.820438,can_tapper17,2020-09-03 13:49:03.820438,2020-09-03 13:52:03.820438,19.419999999999998,59.983026,119.989049,13638.305796,2160,443,516,//qar7000185/GP0_UPLOAD/BOXER/CYLOM\KZ-04-84_CP-13\20201103\can_Tapper17-09-03-13-04-27.pcap.gz
3,2020-09-08 11:08:28.871424,can_tapper17,2020-09-08 11:07:28.871424,2020-09-08 11:10:28.871424,18.7,12.76021,119.861819,422305.050986,1593,315,363,//qar7000185/GP0_UPLOAD/BOXER/CYLOM\KZ-04-84_CP-13\20201103\can_Tapper17-09-08-11-08-15.pcap.gz
4,2020-09-10 09:07:33.503378,can_tapper17,2020-09-10 09:06:33.503378,2020-09-10 09:09:33.503378,20.366666666666667,59.890955,119.950106,165544.631954,2160,413,528,//qar7000185/GP0_UPLOAD/BOXER/CYLOM\KZ-04-84_CP-13\20201103\can_Tapper17-09-10-08-24-05.pcap.gz
5,2020-09-10 11:44:49.531459,can_tapper17,2020-09-10 11:43:49.531459,2020-09-10 11:46:49.531459,19.875,47.958911,119.873375,9436.028081,2016,350,563,//qar7000185/GP0_UPLOAD/BOXER/CYLOM\KZ-04-84_CP-13\20201103\can_Tapper17-09-10-11-44-01.pcap.gz
6,2020-09-15 13:48:16.764496,can_tapper17,2020-09-15 13:47:16.764496,2020-09-15 13:50:16.764496,15.25,44.670853,119.924513,439407.233037,1977,351,497,//qar7000185/GP0_UPLOAD/BOXER/CYLOM\KZ-04-84_CP-13\20201103\can_Tapper17-09-15-13-47-31.pcap.gz
7,2020-09-15 15:50:38.165627,can_tapper17,2020-09-15 15:49:38.165627,2020-09-15 15:52:38.165627,21.85,59.868389,119.988786,7341.401131,2159,432,534,//qar7000185/GP0_UPLOAD/BOXER/CYLOM\KZ-04-84_CP-13\20201103\can_Tapper17-09-15-15-47-31.pcap.gz
8,2020-09-16 10:44:28.796897,can_tapper17,2020-09-16 10:43:28.796897,2020-09-16 10:46:28.796897,22.165,59.923767,119.926452,68030.63127,2159,445,372,//qar7000185/GP0_UPLOAD/BOXER/CYLOM\KZ-04-84_CP-13\20201103\can_Tapper17-09-16-10-28-37.pcap.gz
9,2020-09-16 12:41:35.180901,can_tapper17,2020-09-16 12:40:35.180901,2020-09-16 12:43:35.180901,22.323333333333334,59.992423,119.895803,7026.384004,2159,412,565,//qar7000185/GP0_UPLOAD/BOXER/CYLOM\KZ-04-84_CP-13\20201103\can_Tapper17-09-16-12-28-37.pcap.gz
10,2020-09-16 13:55:05.408286,can_tapper17,2020-09-16 13:54:05.408286,2020-09-16 13:57:05.408286,23.008333333333333,59.895402,119.853087,4410.227385,2157,309,618,//qar7000185/GP0_UPLOAD/BOXER/CYLOM\KZ-04-84_CP-13\20201103\can_Tapper17-09-16-13-28-37.pcap.gz
11,2020-09-16 14:13:04.017125,can_tapper17,2020-09-16 14:12:04.017125,2020-09-16 14:15:04.017125,20.375,59.851545,119.97973,1078.608839,2158,342,591,//qar7000185/GP0_UPLOAD/BOXER/CYLOM\KZ-04-84_CP-13\20201103\can_Tapper17-09-16-13-28-37.pcap.gz
12,2020-09-16 15:04:51.492221,can_tapper17,2020-09-16 15:03:51.492221,2020-09-16 15:06:51.492221,26.35,59.969663,119.956048,3107.475096,2160,368,558,//qar7000185/GP0_UPLOAD/BOXER/CYLOM\KZ-04-84_CP-13\20201103\can_Tapper17-09-16-14-28-37.pcap.gz
13,2020-09-17 10:34:01.794219,can_tapper17,2020-09-17 10:33:01.794219,2020-09-17 10:36:01.794219,18.6,59.990304,119.937975,70150.301998,2160,394,570,//qar7000185/GP0_UPLOAD/BOXER/CYLOM\KZ-04-84_CP-13\20201103\can_Tapper17-09-17-10-24-34.pcap.gz
14,2020-09-17 12:37:16.792118,can_tapper17,2020-09-17 12:36:16.792118,2020-09-17 12:39:16.792118,19.393333333333334,59.92793,119.986472,7394.997899,2159,359,457,//qar7000185/GP0_UPLOAD/BOXER/CYLOM\KZ-04-84_CP-13\20201103\can_Tapper17-09-17-12-24-34.pcap.gz
15,2020-09-17 13:37:38.673825,can_tapper17,2020-09-17 13:36:38.673825,2020-09-17 13:39:38.673825,19.725,59.879902,119.988748,3621.881707,2159,375,470,//qar7000185/GP0_UPLOAD/BOXER/CYLOM\KZ-04-84_CP-13\20201103\can_Tapper17-09-17-13-24-34.pcap.gz
16,2020-09-17 14:42:10.597763,can_tapper17,2020-09-17 14:41:10.597763,2020-09-17 14:44:10.597763,22.3,59.94557,119.937049,3871.923938,2160,334,353,//qar7000185/GP0_UPLOAD/BOXER/CYLOM\KZ-04-84_CP-13\20201103\can_Tapper17-09-17-14-24-34.pcap.gz
17,2020-09-17 14:42:13.249788,can_tapper17,2020-09-17 14:41:13.249788,2020-09-17 14:44:13.249788,22.25,59.847449,119.977901,2.652025,2159,334,355,//qar7000185/GP0_UPLOAD/BOXER/CYLOM\KZ-04-84_CP-13\20201103\can_Tapper17-09-17-14-24-34.pcap.gz
18,2020-09-17 14:42:17.351090,can_tapper17,2020-09-17 14:41:17.351090,2020-09-17 14:44:17.351090,20.275,59.948528,119.933986,4.101302,2160,343,364,//qar7000185/GP0_UPLOAD/BOXER/CYLOM\KZ-04-84_CP-13\20201103\can_Tapper17-09-17-14-24-34.pcap.gz
19,2020-09-17 16:14:28.765238,can_tapper17,2020-09-17 16:13:28.765238,2020-09-17 16:16:28.765238,23.466666666666665,59.94122,119.995303,5531.414148,2160,306,377,//qar7000185/GP0_UPLOAD/BOXER/CYLOM\KZ-04-84_CP-13\20201103\can_Tapper17-09-17-15-24-34.pcap.gz
20,2020-09-18 08:29:13.666830,can_tapper17,2020-09-18 08:28:13.666830,2020-09-18 08:31:13.666830,20.4,13.321983,119.982369,58484.901592,1601,356,435,//qar7000185/GP0_UPLOAD/BOXER/CYLOM\KZ-04-84_CP-13\20201103\can_Tapper17-09-18-08-29-00.pcap.gz
21,2020-09-18 09:46:36.078206,can_tapper17,2020-09-18 09:45:36.078206,2020-09-18 09:48:36.078206,17.25,59.987667,119.964534,4642.411376,2160,358,531,//qar7000185/GP0_UPLOAD/BOXER/CYLOM\KZ-04-84_CP-13\20201103\can_Tapper17-09-18-09-29-00.pcap.gz
22,2020-09-18 10:15:32.809382,can_tapper17,2020-09-18 10:14:32.809382,2020-09-18 10:17:32.809382,17.15416666666667,59.922503,119.966073,1736.731176,2160,342,422,//qar7000185/GP0_UPLOAD/BOXER/CYLOM\KZ-04-84_CP-13\20201103\can_Tapper17-09-18-09-29-00.pcap.gz
23,2020-10-08 10:15:52.876865,can_tapper17,2020-10-08 10:14:52.876865,2020-10-08 10:17:52.876865,11.775,59.981445,119.925697,1728020.067483,2159,372,784,//qar7000185/GP0_UPLOAD/BOXER/CYLOM\KZ-04-84_CP-13\20201103\can_Tapper17-10-08-10-12-23.pcap.gz
24,2020-10-08 14:32:51.225798,can_tapper17,2020-10-08 14:31:51.225798,2020-10-08 14:34:51.225798,12.566666666666666,59.883536,119.944012,15418.348933,2158,329,622,//qar7000185/GP0_UPLOAD/BOXER/CYLOM\KZ-04-84_CP-13\20201103\can_Tapper17-10-08-14-12-23.pcap.gz
25,2020-10-14 13:42:44.509695,can_tapper17,2020-10-14 13:41:44.509695,2020-10-14 13:44:44.509695,9.608333333333334,59.981549,119.981739,515393.283897,2159,258,511,//qar7000185/GP0_UPLOAD/BOXER/CYLOM\KZ-04-84_CP-13\20201103\can_Tapper17-10-14-13-12-23.pcap.gz
26,2020-10-26 09:41:55.759239,can_tapper17,2020-10-26 09:40:55.759239,2020-10-26 09:43:55.759239,9.8,53.912659,119.925875,1022351.249544,2088,352,400,//qar7000185/GP0_UPLOAD/BOXER/CYLOM\KZ-04-84_CP-13\20201103\can_Tapper17-10-26-09-41-01.pcap.gz
27,2020-10-26 10:48:55.529723,can_tapper17,2020-10-26 10:47:55.529723,2020-10-26 10:50:55.529723,11.733333333333334,59.977241,119.862632,4019.770484,2160,370,485,//qar7000185/GP0_UPLOAD/BOXER/CYLOM\KZ-04-84_CP-13\20201103\can_Tapper17-10-26-10-46-46.pcap.gz
28,2020-11-02 08:47:13.111975,can_tapper17,2020-11-02 08:46:13.111975,2020-11-02 08:49:13.111975,15.075,59.954056,119.919027,597497.582252,2159,181,422,//qar7000185/GP0_UPLOAD/BOXER/CYLOM\KZ-04-84_CP-13\20201103\can_Tapper17-11-02-08-46-46.pcap.gz
29,2020-11-02 09:37:16.542916,can_tapper17,2020-11-02 09:36:16.542916,2020-11-02 09:39:16.542916,15.166666666666666,59.987925,119.935199,3003.430941,2160,196,366,//qar7000185/GP0_UPLOAD/BOXER/CYLOM\KZ-04-84_CP-13\20201103\can_Tapper17-11-02-08-46-46.pcap.gz
30,2020-11-02 09:40:07.990890,can_tapper17,2020-11-02 09:39:07.990890,2020-11-02 09:42:07.990890,15.2,59.912451,119.941673,171.447974,2159,270,346,//qar7000185/GP0_UPLOAD/BOXER/CYLOM\KZ-04-84_CP-13\20201103\can_Tapper17-11-02-08-46-46.pcap.gz
31,2020-11-02 12:57:20.939735,can_tapper17,2020-11-02 12:56:20.939735,2020-11-02 12:59:20.939735,18.0,59.963223,119.971663,11832.948845,2160,298,602,//qar7000185/GP0_UPLOAD/BOXER/CYLOM\KZ-04-84_CP-13\20201103\can_Tapper17-11-02-12-46-46.pcap.gz
32,2020-11-02 14:00:24.257521,can_tapper17,2020-11-02 13:59:24.257521,2020-11-02 14:02:24.257521,16.7,59.912674,119.914059,3783.317786,2160,281,776,//qar7000185/GP0_UPLOAD/BOXER/CYLOM\KZ-04-84_CP-13\20201103\can_Tapper17-11-02-13-46-46.pcap.gz
33,2020-11-02 15:50:19.688421,can_tapper17,2020-11-02 15:49:19.688421,2020-11-02 15:52:19.688421,17.45,59.987728,119.935328,6595.4309,2159,325,525,//qar7000185/GP0_UPLOAD/BOXER/CYLOM\KZ-04-84_CP-13\20201103\can_Tapper17-11-02-15-46-46.pcap.gz
34,2020-11-03 08:58:28.074693,can_tapper17,2020-11-03 08:57:28.074693,2020-11-03 09:00:28.074693,15.042857142857144,59.94888,119.955145,61688.386272,2160,275,524,//qar7000185/GP0_UPLOAD/BOXER/CYLOM\KZ-04-84_CP-13\20201103\can_Tapper17-11-03-08-46-46.pcap.gz
35,2020-11-03 12:09:13.717074,can_tapper17,2020-11-03 12:08:13.717074,2020-11-03 12:11:13.717074,16.7,59.959448,119.966025,11445.642381,2159,338,608,//qar7000185/GP0_UPLOAD/BOXER/CYLOM\KZ-04-84_CP-13\20201103\can_Tapper17-11-03-11-46-46.pcap.gz
36,2020-11-03 13:02:55.806061,can_tapper17,2020-11-03 13:01:55.806061,2020-11-03 13:04:55.806061,17.384999999999998,59.980472,119.911044,3222.088987,2160,292,655,//qar7000185/GP0_UPLOAD/BOXER/CYLOM\KZ-04-84_CP-13\20201103\can_Tapper17-11-03-12-46-46.pcap.gz
37,2020-11-03 13:06:06.483112,can_tapper17,2020-11-03 13:05:06.483112,2020-11-03 13:08:06.483112,17.473333333333336,59.859849,119.988567,190.677051,2159,387,791,//qar7000185/GP0_UPLOAD/BOXER/CYLOM\KZ-04-84_CP-13\20201103\can_Tapper17-11-03-12-46-46.pcap.gz
38,2020-11-03 14:26:25.741863,can_tapper17,2020-11-03 14:25:25.741863,2020-11-03 14:28:25.741863,18.008333333333333,59.977593,119.941081,4819.258751,2159,322,674,//qar7000185/GP0_UPLOAD/BOXER/CYLOM\KZ-04-84_CP-13\20201103\can_Tapper17-11-03-13-46-46.pcap.gz
39,2020-11-03 15:19:07.857031,can_tapper17,2020-11-03 15:18:07.857031,2020-11-03 15:21:07.857031,17.81,59.915923,119.985843,3162.115168,2160,326,306,//qar7000185/GP0_UPLOAD/BOXER/CYLOM\KZ-04-84_CP-13\20201103\can_Tapper17-11-03-14-46-46.pcap.gz
40,2020-11-03 15:23:22.118330,can_tapper17,2020-11-03 15:22:22.118330,2020-11-03 15:25:22.118330,17.71,59.988773,119.974987,254.261299,2160,297,363,//qar7000185/GP0_UPLOAD/BOXER/CYLOM\KZ-04-84_CP-13\20201103\can_Tapper17-11-03-14-46-46.pcap.gz
41,2020-11-03 15:43:37.308069,can_tapper17,2020-11-03 15:42:37.308069,2020-11-03 15:45:37.308069,17.875,59.956043,119.948197,1215.189739,2160,248,344,//qar7000185/GP0_UPLOAD/BOXER/CYLOM\KZ-04-84_CP-13\20201103\can_Tapper17-11-03-14-46-46.pcap.gz
42,2020-11-04 08:39:45.969937,can_tapper17,2020-11-04 08:38:45.969937,2020-11-04 08:41:45.969937,13.505,59.962051,119.919322,60968.661868,2160,388,529,//qar7000185/GP0_UPLOAD/BOXER/CYLOM\KZ-04-84_CP-13\20201103\can_Tapper17-11-04-07-46-46.pcap.gz
43,2020-11-04 08:52:12.815445,can_tapper17,2020-11-04 08:51:12.815445,2020-11-04 08:54:12.815445,13.62,59.924953,119.887337,746.845508,2158,351,496,//qar7000185/GP0_UPLOAD/BOXER/CYLOM\KZ-04-84_CP-13\20201103\can_Tapper17-11-04-08-46-46.pcap.gz
44,2020-11-04 10:41:13.245758,can_tapper17,2020-11-04 10:40:13.245758,2020-11-04 10:43:13.245758,13.8,59.883349,119.928808,6540.430313,2158,383,382,//qar7000185/GP0_UPLOAD/BOXER/CYLOM\KZ-04-84_CP-13\20201103\can_Tapper17-11-04-09-46-46.pcap.gz
45,2020-11-04 13:19:20.903561,can_tapper17,2020-11-04 13:18:20.903561,2020-11-04 13:21:20.903561,15.444999999999999,59.978471,119.979211,9487.657803,2160,247,442,//qar7000185/GP0_UPLOAD/BOXER/CYLOM\KZ-04-84_CP-13\20201103\can_Tapper17-11-04-12-46-46.pcap.gz
46,2020-11-04 15:24:08.913977,can_tapper17,2020-11-04 15:23:08.913977,2020-11-04 15:26:08.913977,16.45,59.955726,119.960062,7488.010416,2160,353,444,//qar7000185/GP0_UPLOAD/BOXER/CYLOM\KZ-04-84_CP-13\20201103\can_Tapper17-11-04-14-46-46.pcap.gz
47,2020-11-05 08:18:01.119219,can_tapper17,2020-11-05 08:17:01.119219,2020-11-05 08:20:01.119219,14.191666666666668,59.862749,119.942301,60832.205242,2158,298,489,//qar7000185/GP0_UPLOAD/BOXER/CYLOM\KZ-04-84_CP-13\20201103\can_Tapper17-11-05-07-46-46.pcap.gz
48,2020-11-05 10:41:05.688536,can_tapper17,2020-11-05 10:40:05.688536,2020-11-05 10:43:05.688536,13.866666666666665,59.978824,119.949049,8584.569317,2160,363,426,//qar7000185/GP0_UPLOAD/BOXER/CYLOM\KZ-04-84_CP-13\20201103\can_Tapper17-11-05-09-46-46.pcap.gz
49,2020-11-05 11:01:37.205906,can_tapper17,2020-11-05 11:00:37.205906,2020-11-05 11:03:37.205906,14.226190476190476,59.907149,119.90415,1231.51737,2158,339,661,//qar7000185/GP0_UPLOAD/BOXER/CYLOM\KZ-04-84_CP-13\20201103\can_Tapper17-11-05-10-46-46.pcap.gz
50,2020-11-05 11:16:13.147779,can_tapper17,2020-11-05 11:15:13.147779,2020-11-05 11:18:13.147779,14.361666666666668,59.941358,119.93785,875.941873,2159,305,506,//qar7000185/GP0_UPLOAD/BOXER/CYLOM\KZ-04-84_CP-13\20201103\can_Tapper17-11-05-10-46-46.pcap.gz
51,2020-11-05 13:31:26.712546,can_tapper17,2020-11-05 13:30:26.712546,2020-11-05 13:33:26.712546,15.967857142857145,59.852154,119.96535,8113.564767,2158,315,418,//qar7000185/GP0_UPLOAD/BOXER/CYLOM\KZ-04-84_CP-13\20220621\can_Tapper17-11-05-12-46-46.pcap.gz
52,2020-11-05 14:07:15.447015,can_tapper17,2020-11-05 14:06:15.447015,2020-11-05 14:09:15.447015,15.975,59.806449,119.976174,2148.734469,2158,421,619,//qar7000185/GP0_UPLOAD/BOXER/CYLOM\KZ-04-84_CP-13\20220621\can_Tapper17-11-05-13-46-46.pcap.gz
53,2020-11-05 14:23:50.405561,can_tapper17,2020-11-05 14:22:50.405561,2020-11-05 14:25:50.405561,16.16,59.863657,119.9993,994.958546,2160,427,562,//qar7000185/GP0_UPLOAD/BOXER/CYLOM\KZ-04-84_CP-13\20220621\can_Tapper17-11-05-13-46-46.pcap.gz
54,2020-11-05 14:59:13.682523,can_tapper17,2020-11-05 14:58:13.682523,2020-11-05 15:01:13.682523,16.48333333333333,59.859314,119.987838,2123.276962,2159,381,704,//qar7000185/GP0_UPLOAD/BOXER/CYLOM\KZ-04-84_CP-13\20220621\can_Tapper17-11-05-14-46-46.pcap.gz
55,2020-11-06 10:27:06.517385,can_tapper17,2020-11-06 10:26:06.517385,2020-11-06 10:29:06.517385,14.275,59.958674,119.995494,70072.834862,2160,285,509,//qar7000185/GP0_UPLOAD/BOXER/CYLOM\KZ-04-84_CP-13\20220621\can_Tapper17-11-06-09-46-46.pcap.gz
56,2020-11-06 11:26:38.789095,can_tapper17,2020-11-06 11:25:38.789095,2020-11-06 11:28:38.789095,14.183333333333332,59.870673,78.563201,3572.27171,1662,239,639,//qar7000185/GP0_UPLOAD/BOXER/CYLOM\KZ-04-84_CP-13\20220621\can_Tapper17-11-06-10-46-46.pcap.gz
57,2020-11-10 13:21:33.653975,can_tapper17,2020-11-10 13:20:33.653975,2020-11-10 13:23:33.653975,8.0,59.821247,119.981981,352494.86488,2158,424,601,//qar7000185/GP0_UPLOAD/BOXER/CYLOM\KZ-04-84_CP-13\20220621\can_Tapper17-11-10-13-16-10.pcap.gz
58,2020-11-10 13:47:10.581301,can_tapper17,2020-11-10 13:46:10.581301,2020-11-10 13:49:10.581301,8.066666666666666,59.990145,119.914261,1536.927326,2160,390,497,//qar7000185/GP0_UPLOAD/BOXER/CYLOM\KZ-04-84_CP-13\20220621\can_Tapper17-11-10-13-16-10.pcap.gz
59,2020-11-12 08:32:24.076323,can_tapper17,2020-11-12 08:31:24.076323,2020-11-12 08:34:24.076323,9.74,59.988125,119.854774,153913.495022,2160,465,565,//qar7000185/GP0_UPLOAD/BOXER/CYLOM\KZ-04-84_CP-13\20220621\can_Tapper17-11-12-08-30-27.pcap.gz
60,2020-11-12 14:40:45.476488,can_tapper17,2020-11-12 14:39:45.476488,2020-11-12 14:42:45.476488,11.125,59.870672,119.983494,22101.400165,2159,445,448,//qar7000185/GP0_UPLOAD/BOXER/CYLOM\KZ-04-84_CP-13\20220621\can_Tapper17-11-12-14-30-27.pcap.gz
61,2020-11-16 15:10:14.806015,can_tapper17,2020-11-16 15:09:14.806015,2020-11-16 15:12:14.806015,9.896666666666667,59.907154,119.942521,347369.329527,2160,417,414,//qar7000185/GP0_UPLOAD/BOXER/CYLOM\KZ-04-84_CP-13\20220621\can_Tapper17-11-16-15-07-58.pcap.gz
62,2020-11-17 09:41:53.199878,can_tapper17,2020-11-17 09:40:53.199878,2020-11-17 09:43:53.199878,13.263333333333332,59.964369,119.890029,66698.393863,2158,475,423,//qar7000185/GP0_UPLOAD/BOXER/CYLOM\KZ-04-84_CP-13\20220621\can_Tapper17-11-17-08-57-43.pcap.gz
63,2020-11-19 10:48:03.882452,can_tapper17,2020-11-19 10:47:03.882452,2020-11-19 10:50:03.882452,10.925,59.856588,119.787604,176770.682574,2157,428,695,//qar7000185/GP0_UPLOAD/BOXER/CYLOM\KZ-04-84_CP-13\20220621\can_Tapper17-11-19-10-47-03.pcap.gz
64,2020-11-19 13:12:17.325795,can_tapper17,2020-11-19 13:11:17.325795,2020-11-19 13:14:17.325795,10.683333333333334,49.010305,119.840786,8653.443343,2028,406,495,//qar7000185/GP0_UPLOAD/BOXER/CYLOM\KZ-04-84_CP-13\20220621\can_Tapper17-11-19-13-11-28.pcap.gz
65,2020-11-23 09:13:59.083622,can_tapper17,2020-11-23 09:12:59.083622,2020-11-23 09:15:59.083622,8.15,25.560021,119.812284,331301.757827,1746,397,384,//qar7000185/GP0_UPLOAD/BOXER/CYLOM\KZ-04-84_CP-13\20220621\can_Tapper17-11-23-09-13-33.pcap.gz
66,2020-11-23 13:12:47.233573,can_tapper17,2020-11-23 13:11:47.233573,2020-11-23 13:14:47.233573,7.5,24.654371,69.174307,14328.149951,1128,197,305,//qar7000185/GP0_UPLOAD/BOXER/CYLOM\KZ-04-84_CP-13\20220621\can_Tapper17-11-23-13-12-22.pcap.gz
67,2020-11-24 15:24:28.594468,can_tapper17,2020-11-24 15:23:28.594468,2020-11-24 15:26:28.594468,14.575,2.523362,119.816636,94301.360895,1470,334,326,//qar7000185/GP0_UPLOAD/BOXER/CYLOM\KZ-04-84_CP-13\20220621\can_Tapper17-11-24-15-24-25.pcap.gz
68,2020-12-01 08:31:34.341290,can_tapper17,2020-12-01 08:30:34.341290,2020-12-01 08:33:34.341290,2.5,16.267753,119.825502,580025.746822,1635,334,316,//qar7000185/GP0_UPLOAD/BOXER/CYLOM\KZ-04-84_CP-13\20220621\can_Tapper17-12-01-08-31-17.pcap.gz
69,2020-12-01 08:31:38.638236,can_tapper17,2020-12-01 08:30:38.638236,2020-12-01 08:33:38.638236,,20.564699,119.99998,4.296946,1687,342,332,//qar7000185/GP0_UPLOAD/BOXER/CYLOM\KZ-04-84_CP-13\20220621\can_Tapper17-12-01-08-31-17.pcap.gz
70,2020-12-07 07:47:18.830885,can_tapper17,2020-12-07 07:46:18.830885,2020-12-07 07:49:18.830885,19.25,10.262274,119.818483,515740.192649,1563,371,385,//qar7000185/GP0_UPLOAD/BOXER/CYLOM\KZ-04-84_CP-13\20220621\can_Tapper17-12-07-07-47-08.pcap.gz
71,2021-01-04 10:35:13.217420,can_tapper17,2021-01-04 10:34:13.217420,2021-01-04 10:37:13.217420,3.55,0.63422,119.938727,2429274.386535,1449,320,323,//qar7000185/GP0_UPLOAD/BOXER/CYLOM\KZ-04-84_CP-13\20220621\can_Tapper17-01-04-10-35-12.pcap.gz
72,2021-01-04 11:40:55.717506,can_tapper17,2021-01-04 11:39:55.717506,2021-01-04 11:42:55.717506,4.941666666666667,59.901799,119.99985,3942.500086,2160,467,438,//qar7000185/GP0_UPLOAD/BOXER/CYLOM\KZ-04-84_CP-13\20220621\can_Tapper17-01-04-11-35-12.pcap.gz
73,2021-01-15 11:52:19.044348,can_tapper17,2021-01-15 11:51:19.044348,2021-01-15 11:54:19.044348,5.4,23.95305,119.890702,951083.326842,1728,351,278,//qar7000185/GP0_UPLOAD/BOXER/CYLOM\KZ-04-84_CP-13\20220621\can_Tapper17-01-15-11-51-54.pcap.gz
74,2021-01-15 11:53:31.958349,can_tapper17,2021-01-15 11:52:31.958349,2021-01-15 11:55:31.958349,4.38,59.859906,119.961726,72.914001,2159,491,388,//qar7000185/GP0_UPLOAD/BOXER/CYLOM\KZ-04-84_CP-13\20220621\can_Tapper17-01-15-11-51-54.pcap.gz
75,2021-01-15 11:58:37.494758,can_tapper17,2021-01-15 11:57:37.494758,2021-01-15 12:00:37.494758,4.275,59.963316,25.79634,305.536409,1029,203,226,//qar7000185/GP0_UPLOAD/BOXER/CYLOM\KZ-04-84_CP-13\20220621\can_Tapper17-01-15-11-51-54.pcap.gz
76,2021-01-21 16:02:25.186986,can_tapper17,2021-01-21 16:01:25.186986,2021-01-21 16:04:25.186986,17.759999999999998,59.888346,119.919877,533027.692228,2158,431,537,//qar7000185/GP0_UPLOAD/BOXER/CYLOM\KZ-04-84_CP-13\20220621\can_Tapper17-01-21-15-04-21.pcap.gz
77,2021-02-03 10:45:23.909488,can_tapper17,2021-02-03 10:44:23.909488,2021-02-03 10:47:23.909488,16.1,1.161862,119.918427,1104178.722502,1455,342,389,//qar7000185/GP0_UPLOAD/BOXER/CYLOM\KZ-04-84_CP-13\20220621\can_Tapper17-02-03-10-45-22.pcap.gz
78,2021-02-03 13:53:32.426188,can_tapper17,2021-02-03 13:52:32.426188,2021-02-03 13:55:32.426188,15.325,59.843223,119.974499,11288.5167,2159,444,581,//qar7000185/GP0_UPLOAD/BOXER/CYLOM\KZ-04-84_CP-13\20220621\can_Tapper17-02-03-13-50-50.pcap.gz
79,2021-02-11 09:55:12.954087,can_tapper17,2021-02-11 09:54:12.954087,2021-02-11 09:57:12.954087,-5.25,27.118088,80.702499,676900.527899,1296,246,375,//qar7000185/GP0_UPLOAD/BOXER/CYLOM\KZ-04-84_CP-13\20220621\can_Tapper17-02-11-09-54-45.pcap.gz
80,2021-02-11 10:06:14.938757,can_tapper17,2021-02-11 10:05:14.938757,2021-02-11 10:08:14.938757,-4.2,8.349676,119.970634,661.98467,1542,333,382,//qar7000185/GP0_UPLOAD/BOXER/CYLOM\KZ-04-84_CP-13\20220621\can_Tapper17-02-11-10-06-06.pcap.gz
81,2021-02-11 10:34:02.544459,can_tapper17,2021-02-11 10:33:02.544459,2021-02-11 10:36:02.544459,-4.308333333333333,12.456657,19.821174,1667.605702,390,73,95,//qar7000185/GP0_UPLOAD/BOXER/CYLOM\KZ-04-84_CP-13\20220621\can_Tapper17-02-11-10-33-49.pcap.gz
82,2021-02-16 10:46:56.034582,can_tapper17,2021-02-16 10:45:56.034582,2021-02-16 10:48:56.034582,0.9916666666666666,14.210027,119.857213,432773.490123,1611,368,423,//qar7000185/GP0_UPLOAD/BOXER/CYLOM\KZ-04-84_CP-13\20220621\can_Tapper17-02-16-10-46-41.pcap.gz
83,2021-03-08 13:10:13.723789,can_tapper17,2021-03-08 13:09:13.723789,2021-03-08 13:12:13.723789,3.208333333333333,44.897584,119.906309,1736597.689207,1980,351,114,//qar7000185/GP0_UPLOAD/BOXER/CYLOM\KZ-04-84_CP-13\20220621\can_Tapper17-03-08-13-09-28.pcap.gz
84,2021-03-15 09:03:45.936908,can_tapper17,2021-03-15 09:02:45.936908,2021-03-15 09:05:45.936908,5.175,3.862343,89.21105,590012.213119,1119,224,229,//qar7000185/GP0_UPLOAD/BOXER/CYLOM\KZ-04-84_CP-13\20220621\can_Tapper17-03-15-09-03-41.pcap.gz
85,2021-03-15 09:13:01.396900,can_tapper17,2021-03-15 09:12:01.396900,2021-03-15 09:15:01.396900,6.5,13.09445,52.698631,555.459992,792,136,182,//qar7000185/GP0_UPLOAD/BOXER/CYLOM\KZ-04-84_CP-13\20220621\can_Tapper17-03-15-09-12-48.pcap.gz
86,2021-03-24 08:38:46.993032,can_tapper17,2021-03-24 08:37:46.993032,2021-03-24 08:40:46.993032,6.1,2.449204,119.892248,775545.596132,1470,324,466,//qar7000185/GP0_UPLOAD/BOXER/CYLOM\KZ-04-84_CP-13\20220621\can_Tapper17-03-24-08-38-44.pcap.gz
87,2021-03-24 10:14:16.706911,can_tapper17,2021-03-24 10:13:16.706911,2021-03-24 10:16:16.706911,7.85,46.515036,119.856491,5729.713879,1998,411,322,//qar7000185/GP0_UPLOAD/BOXER/CYLOM\KZ-04-84_CP-13\20220621\can_Tapper17-03-24-10-13-29.pcap.gz
88,2021-05-12 08:48:06.769965,can_tapper17,2021-05-12 08:47:06.769965,2021-05-12 08:50:06.769965,10.8,20.996927,119.832069,4228430.063054,3384,708,832,//qar7000185/GP0_UPLOAD/BOXER/CYLOM\KZ-04-84_CP-13\20220621\can_Tapper17-05-12-08-47-45.pcap.gz
89,2021-05-12 08:48:06.769965,can_tapper17,2021-05-12 08:47:06.769965,2021-05-12 08:50:06.769965,10.8,20.996927,119.832069,0.0,3384,708,832,//qar7000185/GP0_UPLOAD/BOXER/CYLOM\KZ-04-84_CP-13\20220621\can_Tapper17-05-12-08-47-45.pcap.gz
90,2021-05-12 09:24:43.536720,can_tapper17,2021-05-12 09:23:43.536720,2021-05-12 09:26:43.536720,13.9,12.709504,48.82139,2196.766755,741,161,138,//qar7000185/GP0_UPLOAD/BOXER/CYLOM\KZ-04-84_CP-13\20220621\can_Tapper17-05-12-09-24-30.pcap.gz
91,2021-05-12 12:38:49.686586,can_tapper17,2021-05-12 12:37:49.686586,2021-05-12 12:40:49.686586,15.75,59.912898,3.098669,11646.149866,757,71,177,//qar7000185/GP0_UPLOAD/BOXER/CYLOM\KZ-04-84_CP-13\20220621\can_Tapper17-05-12-12-37-49.pcap.gz
92,2021-06-01 13:32:46.595631,can_tapper17,2021-06-01 13:31:46.595631,2021-06-01 13:34:46.595631,19.475,29.332936,63.711118,1731236.909045,1119,266,380,//qar7000185/GP0_UPLOAD/BOXER/CYLOM\KZ-04-84_CP-13\20220621\can_Tapper17-06-01-13-32-17.pcap.gz
93,2021-06-03 08:49:55.776318,can_tapper17,2021-06-03 08:48:55.776318,2021-06-03 08:51:55.776318,24.575,24.351019,33.427755,155829.180687,696,128,167,//qar7000185/GP0_UPLOAD/BOXER/CYLOM\KZ-04-84_CP-13\20220621\can_Tapper17-06-03-08-49-31.pcap.gz
94,2021-06-04 07:24:19.643587,can_tapper17,2021-06-04 07:23:19.643587,2021-06-04 07:26:19.643587,25.7,15.664867,119.920215,81263.867269,1629,329,384,//qar7000185/GP0_UPLOAD/BOXER/CYLOM\KZ-04-84_CP-13\20220621\can_Tapper17-06-04-07-24-03.pcap.gz
95,2021-06-04 08:26:47.893412,can_tapper17,2021-06-04 08:25:47.893412,2021-06-04 08:28:47.893412,25.405,59.960258,93.868902,3748.249825,1848,317,407,//qar7000185/GP0_UPLOAD/BOXER/CYLOM\KZ-04-84_CP-13\20220621\can_Tapper17-06-04-08-25-44.pcap.gz
96,2021-06-07 08:50:42.308037,can_tapper17,2021-06-07 08:49:42.308037,2021-06-07 08:52:42.308037,21.208333333333332,59.894774,119.939117,260634.414625,2158,436,872,//qar7000185/GP0_UPLOAD/BOXER/CYLOM\KZ-04-84_CP-13\20220621\can_Tapper17-06-07-08-29-46.pcap.gz
97,2021-06-07 10:07:21.190420,can_tapper17,2021-06-07 10:06:21.190420,2021-06-07 10:09:21.190420,22.275,59.960546,119.862399,4598.882383,2158,374,548,//qar7000185/GP0_UPLOAD/BOXER/CYLOM\KZ-04-84_CP-13\20220621\can_Tapper17-06-07-09-29-46.pcap.gz
98,2021-06-07 10:26:13.760796,can_tapper17,2021-06-07 10:25:13.760796,2021-06-07 10:28:13.760796,22.3375,59.96781,119.858619,1132.570376,2158,430,653,//qar7000185/GP0_UPLOAD/BOXER/CYLOM\KZ-04-84_CP-13\20220621\can_Tapper17-06-07-09-29-46.pcap.gz
99,2021-06-07 10:41:16.918368,can_tapper17,2021-06-07 10:40:16.918368,2021-06-07 10:43:16.918368,22.65833333333333,59.962576,119.951024,903.157572,2160,379,659,//qar7000185/GP0_UPLOAD/BOXER/CYLOM\KZ-04-84_CP-13\20220621\can_Tapper17-06-07-10-29-46.pcap.gz
100,2021-07-08 08:36:26.375488,can_tapper17,2021-07-08 08:35:26.375488,2021-07-08 08:38:26.375488,20.5,59.951722,119.879703,2670909.45712,2160,450,509,//qar7000185/GP0_UPLOAD/BOXER/CYLOM\KZ-04-84_CP-13\20220621\can_Tapper17-07-08-08-34-35.pcap.gz
101,2021-07-12 12:41:25.411773,can_tapper17,2021-07-12 12:40:25.411773,2021-07-12 12:43:25.411773,19.966666666666665,43.487996,119.868451,360299.036285,1962,389,505,//qar7000185/GP0_UPLOAD/BOXER/CYLOM\KZ-04-84_CP-13\20220621\can_Tapper17-07-12-12-40-41.pcap.gz
102,2021-07-12 13:01:08.291495,can_tapper17,2021-07-12 13:00:08.291495,2021-07-12 13:03:08.291495,18.35,59.924156,119.903874,1182.879722,2158,365,499,//qar7000185/GP0_UPLOAD/BOXER/CYLOM\KZ-04-84_CP-13\20220621\can_Tapper17-07-12-12-40-41.pcap.gz
103,2021-07-20 07:21:30.860659,can_tapper17,2021-07-20 07:20:30.860659,2021-07-20 07:23:30.860659,21.866666666666667,41.196209,119.931602,670822.569164,1935,386,508,//qar7000185/GP0_UPLOAD/BOXER/CYLOM\KZ-04-84_CP-13\20220621\can_Tapper17-07-20-07-20-49.pcap.gz
104,2021-07-20 10:01:22.386281,can_tapper17,2021-07-20 10:00:22.386281,2021-07-20 10:03:22.386281,21.275,9.980129,119.858514,9591.525622,1560,315,408,//qar7000185/GP0_UPLOAD/BOXER/CYLOM\KZ-04-84_CP-13\20220621\can_Tapper17-07-20-10-01-12.pcap.gz
105,2021-07-20 10:18:21.066594,can_tapper17,2021-07-20 10:17:21.066594,2021-07-20 10:20:21.066594,21.31,0.89735,119.952092,1018.680313,1452,284,583,//qar7000185/GP0_UPLOAD/BOXER/CYLOM\KZ-04-84_CP-13\20220621\can_Tapper17-07-20-10-18-20.pcap.gz
106,2021-07-20 15:14:30.445601,can_tapper17,2021-07-20 15:13:30.445601,2021-07-20 15:16:30.445601,24.95,17.549158,119.990699,17769.379007,1651,303,391,//qar7000185/GP0_UPLOAD/BOXER/CYLOM\KZ-04-84_CP-13\20220621\can_Tapper17-07-20-15-14-12.pcap.gz
107,2021-07-22 13:22:37.388067,can_tapper17,2021-07-22 13:21:37.388067,2021-07-22 13:24:37.388067,19.325,22.827485,119.993757,166086.942466,1714,316,511,//qar7000185/GP0_UPLOAD/BOXER/CYLOM\KZ-04-84_CP-13\20220621\can_Tapper17-07-22-13-22-14.pcap.gz
108,2021-07-22 14:39:54.776193,can_tapper17,2021-07-22 14:38:54.776193,2021-07-22 14:41:54.776193,20.64166666666667,19.364047,119.972897,4637.388126,1674,333,452,//qar7000185/GP0_UPLOAD/BOXER/CYLOM\KZ-04-84_CP-13\20220621\can_Tapper17-07-22-14-39-35.pcap.gz
109,2021-07-22 16:16:58.539264,can_tapper17,2021-07-22 16:15:58.539264,2021-07-22 16:18:58.539264,22.833333333333336,8.644964,119.946429,5823.763071,1545,318,376,//qar7000185/GP0_UPLOAD/BOXER/CYLOM\KZ-04-84_CP-13\20220621\can_Tapper17-07-22-16-16-49.pcap.gz
110,2021-08-13 09:16:46.341868,can_tapper17,2021-08-13 09:15:46.341868,2021-08-13 09:18:46.341868,21.75,48.797393,119.773496,1875587.802604,2025,393,458,//qar7000185/GP0_UPLOAD/BOXER/CYLOM\KZ-04-84_CP-13\20220621\can_Tapper17-08-13-09-15-57.pcap.gz
111,2021-08-13 11:52:24.757707,can_tapper17,2021-08-13 11:51:24.757707,2021-08-13 11:54:24.757707,21.825,20.206694,119.88065,9338.415839,1683,320,363,//qar7000185/GP0_UPLOAD/BOXER/CYLOM\KZ-04-84_CP-13\20220621\can_Tapper17-08-13-11-52-04.pcap.gz
112,2021-08-27 09:06:48.041966,can_tapper17,2021-08-27 09:05:48.041966,2021-08-27 09:08:48.041966,14.925,20.65005,119.92935,1199663.284259,1689,368,468,//qar7000185/GP0_UPLOAD/BOXER/CYLOM\KZ-04-84_CP-13\20220621\can_Tapper17-08-27-09-06-27.pcap.gz
113,2021-08-31 13:09:08.637376,can_tapper17,2021-08-31 13:08:08.637376,2021-08-31 13:11:08.637376,18.6,10.496534,119.857671,360140.59541,1566,350,429,//qar7000185/GP0_UPLOAD/BOXER/CYLOM\KZ-04-84_CP-13\20220621\can_Tapper17-08-31-13-08-57.pcap.gz
114,2021-09-02 13:40:17.670446,can_tapper17,2021-09-02 13:39:17.670446,2021-09-02 13:42:17.670446,20.35,4.111065,119.980229,174669.03307,1491,379,313,//qar7000185/GP0_UPLOAD/BOXER/CYLOM\KZ-04-84_CP-13\20220621\can_Tapper17-09-02-13-40-13.pcap.gz
115,2021-09-02 13:41:41.533068,can_tapper17,2021-09-02 13:40:41.533068,2021-09-02 13:43:41.533068,18.03333333333333,59.963374,119.908249,83.862622,2160,514,439,//qar7000185/GP0_UPLOAD/BOXER/CYLOM\KZ-04-84_CP-13\20220621\can_Tapper17-09-02-13-40-13.pcap.gz
116,2021-09-02 13:49:52.375994,can_tapper17,2021-09-02 13:48:52.375994,2021-09-02 13:51:52.375994,18.09166666666667,59.8133,73.006241,490.842926,1596,276,242,//qar7000185/GP0_UPLOAD/BOXER/CYLOM\KZ-04-84_CP-13\20220621\can_Tapper17-09-02-13-46-12.pcap.gz
117,2021-09-16 09:14:13.355925,can_tapper17,2021-09-16 09:13:13.355925,2021-09-16 09:16:13.355925,15.919999999999998,59.952099,119.932819,1193060.979931,2160,463,608,//qar7000185/GP0_UPLOAD/BOXER/CYLOM\KZ-04-84_CP-13\20220621\can_Tapper17-09-16-09-12-03.pcap.gz
118,2021-09-16 10:34:34.841507,can_tapper17,2021-09-16 10:33:34.841507,2021-09-16 10:36:34.841507,16.175,59.889031,119.947225,4821.485582,2159,547,512,//qar7000185/GP0_UPLOAD/BOXER/CYLOM\KZ-04-84_CP-13\20220621\can_Tapper17-09-16-10-12-03.pcap.gz
119,2021-09-24 08:09:32.553197,can_tapper17,2021-09-24 08:08:32.553197,2021-09-24 08:11:32.553197,16.4,9.911953,118.928145,682497.71169,1548,349,414,//qar7000185/GP0_UPLOAD/BOXER/CYLOM\KZ-04-84_CP-13\20220621\can_Tapper17-09-24-08-09-22.pcap.gz
120,2021-09-24 10:26:30.917055,can_tapper17,2021-09-24 10:25:30.917055,2021-09-24 10:28:30.917055,16.8,3.80043,119.999919,8218.363858,1003,223,202,//qar7000185/GP0_UPLOAD/BOXER/CYLOM\KZ-04-84_CP-13\20220621\can_Tapper17-09-24-10-26-26.pcap.gz
121,2021-09-27 11:12:15.102560,can_tapper17,2021-09-27 11:11:15.102560,2021-09-27 11:14:15.102560,16.266666666666666,59.907732,119.980399,261944.185505,2159,435,524,//qar7000185/GP0_UPLOAD/BOXER/CYLOM\KZ-04-84_CP-13\20220621\can_Tapper17-09-27-10-37-38.pcap.gz
122,2021-09-28 08:39:12.145575,can_tapper17,2021-09-28 08:38:12.145575,2021-09-28 08:41:12.145575,12.941666666666668,0.092671,119.98723,77217.043015,1443,321,445,//qar7000185/GP0_UPLOAD/BOXER/CYLOM\KZ-04-84_CP-13\20220621\can_Tapper17-09-28-08-39-11.pcap.gz
123,2021-09-28 14:37:44.544793,can_tapper17,2021-09-28 14:36:44.544793,2021-09-28 14:39:44.544793,17.083333333333332,59.929447,119.958531,21512.399218,2159,242,244,//qar7000185/GP0_UPLOAD/BOXER/CYLOM\KZ-04-84_CP-13\20220621\can_Tapper17-09-28-13-39-11.pcap.gz
124,2021-09-28 18:11:26.152117,can_tapper17,2021-09-28 18:10:26.152117,2021-09-28 18:13:26.152117,19.0,43.765754,119.80116,12821.607324,1965,373,393,//qar7000185/GP0_UPLOAD/BOXER/CYLOM\KZ-04-84_CP-13\20220621\can_Tapper17-09-28-18-10-42.pcap.gz
125,2021-09-28 18:17:37.155731,can_tapper17,2021-09-28 18:16:37.155731,2021-09-28 18:19:37.155731,19.3,59.85997,119.980584,371.003614,2160,419,609,//qar7000185/GP0_UPLOAD/BOXER/CYLOM\KZ-04-84_CP-13\20220621\can_Tapper17-09-28-18-10-42.pcap.gz
126,2021-10-04 08:15:31.237581,can_tapper17,2021-10-04 08:14:31.237581,2021-10-04 08:17:31.237581,10.4,37.605366,119.986734,482274.08185,1893,383,557,//qar7000185/GP0_UPLOAD/BOXER/CYLOM\KZ-04-84_CP-13\20220621\can_Tapper17-10-04-08-14-53.pcap.gz
127,2021-10-04 11:29:00.732855,can_tapper17,2021-10-04 11:28:00.732855,2021-10-04 11:31:00.732855,11.163333333333332,59.923672,119.924303,11609.495274,2159,485,531,//qar7000185/GP0_UPLOAD/BOXER/CYLOM\KZ-04-84_CP-13\20220621\can_Tapper17-10-04-11-14-53.pcap.gz
128,2021-10-04 13:03:09.535110,can_tapper17,2021-10-04 13:02:09.535110,2021-10-04 13:05:09.535110,12.495000000000001,59.994574,119.829725,5648.802255,2158,436,418,//qar7000185/GP0_UPLOAD/BOXER/CYLOM\KZ-04-84_CP-13\20220621\can_Tapper17-10-04-12-14-53.pcap.gz
129,2021-10-04 13:57:37.209674,can_tapper17,2021-10-04 13:56:37.209674,2021-10-04 13:59:37.209674,13.209999999999999,59.9858,119.986474,3267.674564,2160,371,493,//qar7000185/GP0_UPLOAD/BOXER/CYLOM\KZ-04-84_CP-13\20220621\can_Tapper17-10-04-13-14-53.pcap.gz
130,2021-10-05 16:07:52.570595,can_tapper17,2021-10-05 16:06:52.570595,2021-10-05 16:09:52.570595,16.0,59.866362,119.959705,94215.360921,2159,196,428,//qar7000185/GP0_UPLOAD/BOXER/CYLOM\KZ-04-84_CP-13\20220621\can_Tapper17-10-05-15-14-53.pcap.gz
131,2021-10-06 07:45:28.027351,can_tapper17,2021-10-06 07:44:28.027351,2021-10-06 07:47:28.027351,12.325,59.982726,119.962579,56255.456756,2159,374,394,//qar7000185/GP0_UPLOAD/BOXER/CYLOM\KZ-04-84_CP-13\20220621\can_Tapper17-10-06-07-14-53.pcap.gz
132,2021-10-07 14:53:32.034478,can_tapper17,2021-10-07 14:52:32.034478,2021-10-07 14:55:32.034478,14.9625,59.91661,119.881961,112084.007127,1532,267,343,//qar7000185/GP0_UPLOAD/BOXER/CYLOM\KZ-04-84_CP-13\20220621\can_Tapper17-10-07-14-14-53.pcap.gz
133,2021-10-07 14:54:35.097475,can_tapper17,2021-10-07 14:53:35.097475,2021-10-07 14:56:35.097475,15.0,59.972713,119.848755,63.062997,1532,343,360,//qar7000185/GP0_UPLOAD/BOXER/CYLOM\KZ-04-84_CP-13\20220621\can_Tapper17-10-07-14-54-33.pcap.gz
134,2021-10-07 15:07:44.353128,can_tapper17,2021-10-07 15:06:44.353128,2021-10-07 15:09:44.353128,15.01666666666667,59.980044,119.909007,789.255653,2159,427,543,//qar7000185/GP0_UPLOAD/BOXER/CYLOM\KZ-04-84_CP-13\20220621\can_Tapper17-10-07-14-54-33.pcap.gz
135,2021-10-11 15:06:23.728068,can_tapper17,2021-10-11 15:05:23.728068,2021-10-11 15:08:23.728068,11.99,14.363083,84.178973,345519.37494,1183,265,258,//qar7000185/GP0_UPLOAD/BOXER/CYLOM\KZ-04-84_CP-13\20220621\can_Tapper17-10-11-15-06-09.pcap.gz
136,2021-10-28 12:29:12.254368,can_tapper17,2021-10-28 12:28:12.254368,2021-10-28 12:31:12.254368,12.35,12.703414,119.936841,1459368.5263,1065,215,244,//qar7000185/GP0_UPLOAD/BOXER/CYLOM\KZ-04-84_CP-13\20220621\can_Tapper17-10-28-12-28-59.pcap.gz
137,2021-10-28 12:30:43.031872,can_tapper17,2021-10-28 12:29:43.031872,2021-10-28 12:32:43.031872,10.575,59.956781,119.954112,90.777504,1632,380,434,//qar7000185/GP0_UPLOAD/BOXER/CYLOM\KZ-04-84_CP-13\20220621\can_Tapper17-10-28-12-30-41.pcap.gz
138,2021-10-28 12:50:20.172315,can_tapper17,2021-10-28 12:49:20.172315,2021-10-28 12:52:20.172315,10.608333333333334,59.998558,119.893834,1177.140443,2159,493,394,//qar7000185/GP0_UPLOAD/BOXER/CYLOM\KZ-04-84_CP-13\20220621\can_Tapper17-10-28-12-30-41.pcap.gz
139,2021-11-04 08:17:07.541018,can_tapper17,2021-11-04 08:16:07.541018,2021-11-04 08:19:07.541018,4.7,33.159328,119.930854,588407.368703,1839,377,517,//qar7000185/GP0_UPLOAD/BOXER/CYLOM\KZ-04-84_CP-13\20220621\can_Tapper17-11-04-08-16-34.pcap.gz
140,2021-11-04 09:11:43.646406,can_tapper17,2021-11-04 09:10:43.646406,2021-11-04 09:13:43.646406,6.475,59.882899,119.976756,3276.105388,2160,519,617,//qar7000185/GP0_UPLOAD/BOXER/CYLOM\KZ-04-84_CP-13\20220621\can_Tapper17-11-04-08-16-34.pcap.gz
141,2021-11-04 10:39:23.668136,can_tapper17,2021-11-04 10:38:23.668136,2021-11-04 10:41:23.668136,7.875,59.971423,119.949648,5260.02173,2160,450,421,//qar7000185/GP0_UPLOAD/BOXER/CYLOM\KZ-04-84_CP-13\20220621\can_Tapper17-11-04-10-16-34.pcap.gz
142,2021-11-11 13:19:58.012830,can_tapper17,2021-11-11 13:18:58.012830,2021-11-11 13:21:58.012830,6.933333333333333,59.999537,119.917429,614434.344694,2160,427,365,//qar7000185/GP0_UPLOAD/BOXER/CYLOM\KZ-04-84_CP-13\20220621\can_Tapper17-11-11-12-30-36.pcap.gz
143,2021-11-11 13:27:16.585228,can_tapper17,2021-11-11 13:26:16.585228,2021-11-11 13:29:16.585228,8.7125,59.896964,119.936225,438.572398,2159,320,321,//qar7000185/GP0_UPLOAD/BOXER/CYLOM\KZ-04-84_CP-13\20220621\can_Tapper17-11-11-12-30-36.pcap.gz
144,2021-11-11 13:29:21.209828,can_tapper17,2021-11-11 13:28:21.209828,2021-11-11 13:31:21.209828,8.716666666666665,59.994895,119.983256,124.6246,2160,430,459,//qar7000185/GP0_UPLOAD/BOXER/CYLOM\KZ-04-84_CP-13\20220621\can_Tapper17-11-11-12-30-36.pcap.gz
145,2021-11-11 14:04:05.026826,can_tapper17,2021-11-11 14:03:05.026826,2021-11-11 14:06:05.026826,9.025,59.998205,119.969702,2083.816998,2160,384,390,//qar7000185/GP0_UPLOAD/BOXER/CYLOM\KZ-04-84_CP-13\20220621\can_Tapper17-11-11-13-30-36.pcap.gz
146,2021-11-11 14:20:53.552072,can_tapper17,2021-11-11 14:19:53.552072,2021-11-11 14:22:53.552072,10.975,59.98515,119.939213,1008.525246,2160,455,346,//qar7000185/GP0_UPLOAD/BOXER/CYLOM\KZ-04-84_CP-13\20220621\can_Tapper17-11-11-13-30-36.pcap.gz
147,2021-11-23 09:32:54.242715,can_tapper17,2021-11-23 09:31:54.242715,2021-11-23 09:34:54.242715,5.175,4.210159,119.872709,1019520.690643,1491,349,460,//qar7000185/GP0_UPLOAD/BOXER/CYLOM\KZ-04-84_CP-13\20220621\can_Tapper17-11-23-09-32-49.pcap.gz
148,2021-11-23 11:05:16.859688,can_tapper17,2021-11-23 11:04:16.859688,2021-11-23 11:07:16.859688,6.83,59.828201,119.798581,5542.616973,2157,570,439,//qar7000185/GP0_UPLOAD/BOXER/CYLOM\KZ-04-84_CP-13\20220621\can_Tapper17-11-23-10-32-49.pcap.gz
149,2021-11-24 08:21:43.748491,can_tapper17,2021-11-24 08:20:43.748491,2021-11-24 08:23:43.748491,10.6,51.38716,119.94634,76586.888803,2058,398,436,//qar7000185/GP0_UPLOAD/BOXER/CYLOM\KZ-04-84_CP-13\20220621\can_Tapper17-11-24-08-20-52.pcap.gz
150,2021-11-24 08:35:42.268232,can_tapper17,2021-11-24 08:34:42.268232,2021-11-24 08:37:42.268232,8.716666666666665,59.931218,119.9163,838.519741,2160,542,547,//qar7000185/GP0_UPLOAD/BOXER/CYLOM\KZ-04-84_CP-13\20220621\can_Tapper17-11-24-08-20-52.pcap.gz
151,2021-11-24 10:17:22.870944,can_tapper17,2021-11-24 10:16:22.870944,2021-11-24 10:19:22.870944,9.690000000000001,59.993628,119.831126,6100.602712,2159,336,666,//qar7000185/GP0_UPLOAD/BOXER/CYLOM\KZ-04-84_CP-13\20220621\can_Tapper17-11-24-09-20-52.pcap.gz
152,2021-11-24 11:41:36.681596,can_tapper17,2021-11-24 11:40:36.681596,2021-11-24 11:43:36.681596,10.5,59.939825,119.955704,5053.810652,2159,431,496,//qar7000185/GP0_UPLOAD/BOXER/CYLOM\KZ-04-84_CP-13\20220621\can_Tapper17-11-24-11-20-53.pcap.gz
153,2021-11-29 07:11:34.404355,can_tapper17,2021-11-29 07:10:34.404355,2021-11-29 07:13:34.404355,1.975,59.820418,119.782549,415797.722759,2157,416,620,//qar7000185/GP0_UPLOAD/BOXER/CYLOM\KZ-04-84_CP-13\20220621\can_Tapper17-11-29-07-02-20.pcap.gz
154,2021-11-29 10:22:06.754044,can_tapper17,2021-11-29 10:21:06.754044,2021-11-29 10:24:06.754044,5.2666666666666675,59.972575,119.926774,11432.349689,2159,502,489,//qar7000185/GP0_UPLOAD/BOXER/CYLOM\KZ-04-84_CP-13\20220621\can_Tapper17-11-29-10-02-20.pcap.gz
155,2021-11-29 15:10:04.801852,can_tapper17,2021-11-29 15:09:04.801852,2021-11-29 15:12:04.801852,11.55,59.892455,119.94962,17278.047808,2160,402,533,//qar7000185/GP0_UPLOAD/BOXER/CYLOM\KZ-04-84_CP-13\20220621\can_Tapper17-11-29-15-02-20.pcap.gz
156,2021-11-29 17:31:55.484071,can_tapper17,2021-11-29 17:30:55.484071,2021-11-29 17:33:55.484071,16.165,59.904928,119.946718,8510.682219,2159,390,443,//qar7000185/GP0_UPLOAD/BOXER/CYLOM\KZ-04-84_CP-13\20220621\can_Tapper17-11-29-17-02-20.pcap.gz
157,2021-11-29 17:49:43.200066,can_tapper17,2021-11-29 17:48:43.200066,2021-11-29 17:51:43.200066,16.72,59.969196,119.99552,1067.715995,2160,358,551,//qar7000185/GP0_UPLOAD/BOXER/CYLOM\KZ-04-84_CP-13\20220621\can_Tapper17-11-29-17-02-20.pcap.gz
158,2021-12-02 12:50:25.438736,can_tapper17,2021-12-02 12:49:25.438736,2021-12-02 12:52:25.438736,3.175,59.806675,119.811075,241242.23867,2157,583,575,//qar7000185/GP0_UPLOAD/BOXER/CYLOM\KZ-04-84_CP-13\20220621\can_Tapper17-12-02-12-48-20.pcap.gz
159,2021-12-02 12:59:44.924066,can_tapper17,2021-12-02 12:58:44.924066,2021-12-02 13:01:44.924066,3.2,23.560747,77.006702,559.48533,1209,269,360,//qar7000185/GP0_UPLOAD/BOXER/CYLOM\KZ-04-84_CP-13\20220621\can_Tapper17-12-02-12-59-21.pcap.gz
160,2022-01-17 13:24:04.070188,can_tapper17,2022-01-17 13:23:04.070188,2022-01-17 13:26:04.070188,6.4,49.554539,119.793899,3975859.146122,2034,406,565,//qar7000185/GP0_UPLOAD/BOXER/CYLOM\KZ-04-84_CP-13\20220621\can_Tapper17-01-17-13-23-14.pcap.gz
161,2022-01-17 13:58:08.868881,can_tapper17,2022-01-17 13:57:08.868881,2022-01-17 14:00:08.868881,5.575,59.903576,119.969197,2044.798693,2159,425,550,//qar7000185/GP0_UPLOAD/BOXER/CYLOM\KZ-04-84_CP-13\20220621\can_Tapper17-01-17-13-23-14.pcap.gz
162,2022-01-18 08:57:00.294286,can_tapper17,2022-01-18 08:56:00.294286,2022-01-18 08:59:00.294286,7.1833333333333345,59.914572,119.927244,68331.425405,2160,411,526,//qar7000185/GP0_UPLOAD/BOXER/CYLOM\KZ-04-84_CP-13\20220621\can_Tapper17-01-18-08-53-11.pcap.gz
163,2022-01-18 10:42:09.440463,can_tapper17,2022-01-18 10:41:09.440463,2022-01-18 10:44:09.440463,8.1,59.876524,119.999621,6309.146177,2159,437,534,//qar7000185/GP0_UPLOAD/BOXER/CYLOM\KZ-04-84_CP-13\20220621\can_Tapper17-01-18-09-53-11.pcap.gz
164,2022-01-18 13:19:20.136155,can_tapper17,2022-01-18 13:18:20.136155,2022-01-18 13:21:20.136155,11.65,3.764688,119.80247,9430.695692,1483,316,431,//qar7000185/GP0_UPLOAD/BOXER/CYLOM\KZ-04-84_CP-13\20220621\can_Tapper17-01-18-13-19-16.pcap.gz
165,2022-01-18 14:19:47.813317,can_tapper17,2022-01-18 14:18:47.813317,2022-01-18 14:21:47.813317,,59.981125,119.815075,3627.677162,2158,426,432,//qar7000185/GP0_UPLOAD/BOXER/CYLOM\KZ-04-84_CP-13\20220621\can_Tapper17-01-18-14-19-16.pcap.gz
166,2022-01-20 11:13:23.400176,can_tapper17,2022-01-20 11:12:23.400176,2022-01-20 11:15:23.400176,4.7,59.982655,119.839022,161615.586859,2160,401,449,//qar7000185/GP0_UPLOAD/BOXER/CYLOM\KZ-04-84_CP-13\20220621\can_Tapper17-01-20-11-01-00.pcap.gz
167,2022-01-20 11:17:09.745543,can_tapper17,2022-01-20 11:16:09.745543,2022-01-20 11:19:09.745543,,10.394671,119.952825,226.345367,1566,361,327,//qar7000185/GP0_UPLOAD/BOXER/CYLOM\KZ-04-84_CP-13\20220621\can_Tapper17-01-20-11-16-59.pcap.gz
168,2022-01-20 11:48:34.631193,can_tapper17,2022-01-20 11:47:34.631193,2022-01-20 11:50:34.631193,4.796666666666667,59.999982,119.839951,1884.88565,2158,392,524,//qar7000185/GP0_UPLOAD/BOXER/CYLOM\KZ-04-84_CP-13\20220621\can_Tapper17-01-20-11-16-59.pcap.gz
169,2022-01-20 12:18:25.664010,can_tapper17,2022-01-20 12:17:25.664010,2022-01-20 12:20:25.664010,5.15,59.984905,119.89432,1791.032817,2160,420,628,//qar7000185/GP0_UPLOAD/BOXER/CYLOM\KZ-04-84_CP-13\20220621\can_Tapper17-01-20-12-16-59.pcap.gz
170,2022-01-20 14:04:22.070879,can_tapper17,2022-01-20 14:03:22.070879,2022-01-20 14:06:22.070879,6.2,59.995192,119.870105,6356.406869,2160,395,524,//qar7000185/GP0_UPLOAD/BOXER/CYLOM\KZ-04-84_CP-13\20220621\can_Tapper17-01-20-13-16-59.pcap.gz
171,2022-01-20 15:00:07.668348,can_tapper17,2022-01-20 14:59:07.668348,2022-01-20 15:02:07.668348,8.033333333333335,59.941274,119.939628,3345.597469,2160,416,741,//qar7000185/GP0_UPLOAD/BOXER/CYLOM\KZ-04-84_CP-13\20220621\can_Tapper17-01-20-14-16-59.pcap.gz
172,2022-03-11 07:55:23.106234,can_tapper17,2022-03-11 07:54:23.106234,2022-03-11 07:57:23.106234,7.25,30.756278,119.83718,4294515.437886,1809,389,518,//qar7000185/GP0_UPLOAD/BOXER/CYLOM\KZ-04-84_CP-13\20220621\can_Tapper17-03-11-07-54-52.pcap.gz
173,2022-03-11 14:38:56.661568,can_tapper17,2022-03-11 14:37:56.661568,2022-03-11 14:40:56.661568,11.375,59.943368,119.921016,24213.555334,2159,422,535,//qar7000185/GP0_UPLOAD/BOXER/CYLOM\KZ-04-84_CP-13\20220621\can_Tapper17-03-11-14-10-54.pcap.gz
174,2022-04-11 08:50:04.234157,can_tapper17,2022-04-11 08:49:04.234157,2022-04-11 08:52:04.234157,4.9519230769230775,17.71188,119.880278,2657467.572589,1653,336,446,//qar7000185/GP0_UPLOAD/BOXER/CYLOM\KZ-04-84_CP-13\20220621\can_Tapper17-04-11-08-49-46.pcap.gz
175,2022-04-11 12:16:57.638725,can_tapper17,2022-04-11 12:15:57.638725,2022-04-11 12:18:57.638725,8.55,10.109879,119.996324,12413.404568,1563,329,376,//qar7000185/GP0_UPLOAD/BOXER/CYLOM\KZ-04-84_CP-13\20220621\can_Tapper17-04-11-12-16-47.pcap.gz
176,2022-04-11 13:06:22.637965,can_tapper17,2022-04-11 13:05:22.637965,2022-04-11 13:08:22.637965,9.125,59.974601,54.33195,2964.99924,1374,329,258,//qar7000185/GP0_UPLOAD/BOXER/CYLOM\KZ-04-84_CP-13\20220621\can_Tapper17-04-11-12-16-47.pcap.gz
177,2022-04-11 13:24:46.001758,can_tapper17,2022-04-11 13:23:46.001758,2022-04-11 13:26:46.001758,9.1,1.147076,101.134514,1103.363793,705,159,249,//qar7000185/GP0_UPLOAD/BOXER/CYLOM\KZ-04-84_CP-13\20220621\can_Tapper17-04-11-13-24-44.pcap.gz
178,2022-04-11 13:26:04.426444,can_tapper17,2022-04-11 13:25:04.426444,2022-04-11 13:28:04.426444,9.575,59.803293,119.963027,78.424686,637,152,216,//qar7000185/GP0_UPLOAD/BOXER/CYLOM\KZ-04-84_CP-13\20220621\can_Tapper17-04-11-13-26-00.pcap.gz
179,2022-04-11 13:27:51.999957,can_tapper17,2022-04-11 13:26:51.999957,2022-04-11 13:29:51.999957,9.525,1.638726,30.395156,107.573513,385,92,142,//qar7000185/GP0_UPLOAD/BOXER/CYLOM\KZ-04-84_CP-13\20220621\can_Tapper17-04-11-13-27-50.pcap.gz
180,2022-04-16 13:49:52.218075,can_tapper17,2022-04-16 13:48:52.218075,2022-04-16 13:51:52.218075,14.459999999999999,59.961011,119.866582,433320.218118,2160,386,497,//qar7000185/GP0_UPLOAD/BOXER/CYLOM\KZ-04-84_CP-13\20220621\can_Tapper17-04-16-13-47-19.pcap.gz
181,2022-04-18 08:14:05.615304,can_tapper17,2022-04-18 08:13:05.615304,2022-04-18 08:16:05.615304,14.35,59.983241,119.908951,152653.397229,2160,301,533,//qar7000185/GP0_UPLOAD/BOXER/CYLOM\KZ-04-84_CP-13\20220621\can_Tapper17-04-18-07-35-16.pcap.gz
182,2022-04-18 08:28:17.954060,can_tapper17,2022-04-18 08:27:17.954060,2022-04-18 08:30:17.954060,14.6,59.879251,119.941019,852.338756,2159,274,535,//qar7000185/GP0_UPLOAD/BOXER/CYLOM\KZ-04-84_CP-13\20220621\can_Tapper17-04-18-07-35-16.pcap.gz
183,2022-04-18 13:35:05.779615,can_tapper17,2022-04-18 13:34:05.779615,2022-04-18 13:37:05.779615,17.166666666666664,59.979073,119.887925,18407.825555,2160,332,581,//qar7000185/GP0_UPLOAD/BOXER/CYLOM\KZ-04-84_CP-13\20220621\can_Tapper17-04-18-12-35-16.pcap.gz
184,2022-04-18 15:24:43.098313,can_tapper17,2022-04-18 15:23:43.098313,2022-04-18 15:26:43.098313,26.175,59.83135,119.9861,6577.318698,2158,212,509,//qar7000185/GP0_UPLOAD/BOXER/CYLOM\KZ-04-84_CP-13\20220621\can_Tapper17-04-18-14-35-16.pcap.gz
185,2022-04-18 17:54:47.752782,can_tapper17,2022-04-18 17:53:47.752782,2022-04-18 17:56:47.752782,29.025,59.996602,119.950199,9004.654469,2160,247,553,//qar7000185/GP0_UPLOAD/BOXER/CYLOM\KZ-04-84_CP-13\20220621\can_Tapper17-04-18-17-35-16.pcap.gz
186,2022-04-19 08:31:25.055278,can_tapper17,2022-04-19 08:30:25.055278,2022-04-19 08:33:25.055278,14.55,59.97015,119.90975,52597.302496,2159,266,384,//qar7000185/GP0_UPLOAD/BOXER/CYLOM\KZ-04-84_CP-13\20220621\can_Tapper17-04-19-07-35-16.pcap.gz
187,2022-04-19 12:16:02.092178,can_tapper17,2022-04-19 12:15:02.092178,2022-04-19 12:18:02.092178,19.625,59.7738,119.800824,13477.0369,2157,148,186,//qar7000185/GP0_UPLOAD/BOXER/CYLOM\KZ-04-84_CP-13\20220621\can_Tapper17-04-19-11-35-16.pcap.gz
188,2022-04-19 15:06:34.704358,can_tapper17,2022-04-19 15:05:34.704358,2022-04-19 15:08:34.704358,22.293333333333333,59.887374,119.955834,10232.61218,2160,329,447,//qar7000185/GP0_UPLOAD/BOXER/CYLOM\KZ-04-84_CP-13\20220621\can_Tapper17-04-19-14-35-16.pcap.gz
189,2022-04-19 15:08:30.545487,can_tapper17,2022-04-19 15:07:30.545487,2022-04-19 15:10:30.545487,22.376666666666665,59.929498,119.932976,115.841129,2160,365,575,//qar7000185/GP0_UPLOAD/BOXER/CYLOM\KZ-04-84_CP-13\20220621\can_Tapper17-04-19-14-35-16.pcap.gz
190,2022-04-19 15:09:40.605887,can_tapper17,2022-04-19 15:08:40.605887,2022-04-19 15:11:40.605887,22.39166666666667,59.946873,119.884351,70.0604,2160,233,380,//qar7000185/GP0_UPLOAD/BOXER/CYLOM\KZ-04-84_CP-13\20220621\can_Tapper17-04-19-14-35-16.pcap.gz
191,2022-04-19 16:29:25.268489,can_tapper17,2022-04-19 16:28:25.268489,2022-04-19 16:31:25.268489,23.575,59.861319,119.951304,4784.662602,2158,216,481,//qar7000185/GP0_UPLOAD/BOXER/CYLOM\KZ-04-84_CP-13\20220621\can_Tapper17-04-19-15-35-16.pcap.gz
192,2022-04-19 18:14:29.409814,can_tapper17,2022-04-19 18:13:29.409814,2022-04-19 18:16:29.409814,25.68,59.965649,119.962925,6304.141325,2159,313,442,//qar7000185/GP0_UPLOAD/BOXER/CYLOM\KZ-04-84_CP-13\20220621\can_Tapper17-04-19-17-35-16.pcap.gz
193,2022-04-21 08:10:24.990699,can_tapper17,2022-04-21 08:09:24.990699,2022-04-21 08:12:24.990699,13.75,59.95305,119.95258,136555.580885,2160,304,451,//qar7000185/GP0_UPLOAD/BOXER/CYLOM\KZ-04-84_CP-13\20220621\can_Tapper17-04-21-07-35-16.pcap.gz
194,2022-04-22 08:15:46.618444,can_tapper17,2022-04-22 08:14:46.618444,2022-04-22 08:17:46.618444,,59.894199,119.948489,86721.627745,1893,223,420,//qar7000185/GP0_UPLOAD/BOXER/CYLOM\KZ-04-84_CP-13\20220621\can_Tapper17-04-22-07-35-16.pcap.gz
195,2022-04-22 08:16:34.492893,can_tapper17,2022-04-22 08:15:34.492893,2022-04-22 08:18:34.492893,12.8,59.951205,119.86127,47.874449,1892,294,544,//qar7000185/GP0_UPLOAD/BOXER/CYLOM\KZ-04-84_CP-13\20220621\can_Tapper17-04-22-07-35-16.pcap.gz
196,2022-04-22 18:08:27.547783,can_tapper17,2022-04-22 18:07:27.547783,2022-04-22 18:10:27.547783,20.05,59.973008,119.907067,35513.05489,2160,172,348,//qar7000185/GP0_UPLOAD/BOXER/CYLOM\KZ-04-84_CP-13\20220621\can_Tapper17-04-22-17-35-16.pcap.gz
197,2022-04-23 11:30:32.105295,can_tapper17,2022-04-23 11:29:32.105295,2022-04-23 11:32:32.105295,13.875,59.996781,119.90516,62524.557512,2159,288,504,//qar7000185/GP0_UPLOAD/BOXER/CYLOM\KZ-04-84_CP-13\20220621\can_Tapper17-04-23-10-35-16.pcap.gz
198,2022-04-23 12:04:09.056196,can_tapper17,2022-04-23 12:03:09.056196,2022-04-23 12:06:09.056196,20.866666666666667,59.940991,119.880308,2016.950901,2160,368,614,//qar7000185/GP0_UPLOAD/BOXER/CYLOM\KZ-04-84_CP-13\20220621\can_Tapper17-04-23-11-35-16.pcap.gz
199,2022-04-25 15:00:39.223505,can_tapper17,2022-04-25 14:59:39.223505,2022-04-25 15:02:39.223505,12.055,34.057857,119.811825,183390.167309,1851,243,622,//qar7000185/GP0_UPLOAD/BOXER/CYLOM\KZ-04-84_CP-13\20220621\can_Tapper17-04-25-14-46-24.pcap.gz
200,2022-05-02 13:09:10.318425,can_tapper17,2022-05-02 13:08:10.318425,2022-05-02 13:11:10.318425,12.45,59.890149,119.96178,598111.09492,2160,391,444,//qar7000185/GP0_UPLOAD/BOXER/CYLOM\KZ-04-84_CP-13\20220621\can_Tapper17-05-02-13-06-59.pcap.gz
201,2022-05-02 14:04:50.354576,can_tapper17,2022-05-02 14:03:50.354576,2022-05-02 14:06:50.354576,23.2,34.035729,119.793725,3340.036151,1848,315,577,//qar7000185/GP0_UPLOAD/BOXER/CYLOM\KZ-04-84_CP-13\20220621\can_Tapper17-05-02-14-04-16.pcap.gz
202,2022-05-10 09:06:08.468202,can_tapper17,2022-05-10 09:05:08.468202,2022-05-10 09:08:08.468202,17.48,9.649606,119.934307,673278.113626,1557,338,415,//qar7000185/GP0_UPLOAD/BOXER/CYLOM\KZ-04-84_CP-13\20220621\can_Tapper17-05-10-09-05-58.pcap.gz
203,2022-05-17 13:13:57.347679,can_tapper17,2022-05-17 13:12:57.347679,2022-05-17 13:15:57.347679,16.991666666666667,59.983157,119.947846,619668.879477,2159,477,552,//qar7000185/GP0_UPLOAD/BOXER/CYLOM\KZ-04-84_CP-13\20220621\can_Tapper17-05-17-12-58-44.pcap.gz
204,2022-05-18 09:20:50.313532,can_tapper17,2022-05-18 09:19:50.313532,2022-05-18 09:22:50.313532,20.583333333333332,59.862681,119.94205,72412.965853,2158,426,742,//qar7000185/GP0_UPLOAD/BOXER/CYLOM\KZ-04-84_CP-13\20220621\can_Tapper17-05-18-08-54-23.pcap.gz
205,2022-06-16 08:29:35.431670,can_tapper17,2022-06-16 08:28:35.431670,2022-06-16 08:31:35.431670,16.1,59.822893,119.992,2502525.118138,2160,382,413,//qar7000185/GP0_UPLOAD/BOXER/CYLOM\KZ-04-84_CP-13\20221011\can_Tapper17-06-16-08-25-10.pcap.gz
206,2022-06-20 10:33:37.504132,can_tapper17,2022-06-20 10:32:37.504132,2022-06-20 10:35:37.504132,14.582142857142856,34.664486,119.92267,353042.072462,1857,421,412,//qar7000185/GP0_UPLOAD/BOXER/CYLOM\KZ-04-84_CP-13\20221011\can_Tapper17-06-20-10-33-02.pcap.gz
207,2022-06-20 11:06:43.544027,can_tapper17,2022-06-20 11:05:43.544027,2022-06-20 11:08:43.544027,14.8275,59.897224,119.950376,1986.039895,2160,479,687,//qar7000185/GP0_UPLOAD/BOXER/CYLOM\KZ-04-84_CP-13\20221011\can_Tapper17-06-20-10-33-02.pcap.gz
208,2022-06-28 09:25:59.373706,can_tapper17,2022-06-28 09:24:59.373706,2022-06-28 09:27:59.373706,16.325,1.805247,119.985403,685155.829679,1462,338,480,//qar7000185/GP0_UPLOAD/BOXER/CYLOM\KZ-04-84_CP-13\20221011\can_Tapper17-06-28-09-25-57.pcap.gz
209,2022-06-28 12:20:13.082922,can_tapper17,2022-06-28 12:19:13.082922,2022-06-28 12:22:13.082922,20.833333333333336,59.943127,119.904082,10453.709216,2159,409,420,//qar7000185/GP0_UPLOAD/BOXER/CYLOM\KZ-04-84_CP-13\20221011\can_Tapper17-06-28-11-25-57.pcap.gz
210,2022-06-28 12:41:35.498666,can_tapper17,2022-06-28 12:40:35.498666,2022-06-28 12:43:35.498666,23.675,59.911367,119.986424,1282.415744,2160,322,641,//qar7000185/GP0_UPLOAD/BOXER/CYLOM\KZ-04-84_CP-13\20221011\can_Tapper17-06-28-12-25-57.pcap.gz
211,2022-06-29 11:26:39.484924,can_tapper17,2022-06-29 11:25:39.484924,2022-06-29 11:28:39.484924,24.766666666666666,23.257024,119.854815,81903.986258,1719,372,432,//qar7000185/GP0_UPLOAD/BOXER/CYLOM\KZ-04-84_CP-13\20221011\can_Tapper17-06-29-11-26-15.pcap.gz
212,2022-06-29 11:58:17.425232,can_tapper17,2022-06-29 11:57:17.425232,2022-06-29 12:00:17.425232,26.68333333333333,59.901249,119.99375,1897.940308,2160,406,476,//qar7000185/GP0_UPLOAD/BOXER/CYLOM\KZ-04-84_CP-13\20221011\can_Tapper17-06-29-11-26-15.pcap.gz
213,2022-06-30 13:09:46.695694,can_tapper17,2022-06-30 13:08:46.695694,2022-06-30 13:11:46.695694,25.229166666666664,59.864562,119.965091,90689.270462,2158,293,458,//qar7000185/GP0_UPLOAD/BOXER/CYLOM\KZ-04-84_CP-13\20221011\can_Tapper17-06-30-13-08-42.pcap.gz
214,2022-06-30 15:45:52.705635,can_tapper17,2022-06-30 15:44:52.705635,2022-06-30 15:47:52.705635,25.633333333333333,59.851857,119.98895,9366.009941,2160,362,525,//qar7000185/GP0_UPLOAD/BOXER/CYLOM\KZ-04-84_CP-13\20221011\can_Tapper17-06-30-15-44-44.pcap.gz
215,2022-07-04 09:31:47.992093,can_tapper17,2022-07-04 09:30:47.992093,2022-07-04 09:33:47.992093,16.925,3.154135,119.945601,323155.286458,1479,345,375,//qar7000185/GP0_UPLOAD/BOXER/CYLOM\KZ-04-84_CP-13\20221011\can_Tapper17-07-04-09-31-44.pcap.gz
216,2022-07-04 13:05:27.591064,can_tapper17,2022-07-04 13:04:27.591064,2022-07-04 13:07:27.591064,18.225,59.958366,119.852719,12819.598971,2158,450,392,//qar7000185/GP0_UPLOAD/BOXER/CYLOM\KZ-04-84_CP-13\20221011\can_Tapper17-07-04-12-58-45.pcap.gz
217,2022-07-04 13:24:11.776373,can_tapper17,2022-07-04 13:23:11.776373,2022-07-04 13:26:11.776373,18.80833333333333,59.967375,119.889151,1124.185309,2159,368,502,//qar7000185/GP0_UPLOAD/BOXER/CYLOM\KZ-04-84_CP-13\20221011\can_Tapper17-07-04-12-58-45.pcap.gz
218,2022-07-05 08:17:14.366478,can_tapper17,2022-07-05 08:16:14.366478,2022-07-05 08:19:14.366478,17.775,59.979924,119.85737,67982.590105,2159,411,487,//qar7000185/GP0_UPLOAD/BOXER/CYLOM\KZ-04-84_CP-13\20221011\can_Tapper17-07-05-07-53-23.pcap.gz
219,2022-07-05 09:12:46.744066,can_tapper17,2022-07-05 09:11:46.744066,2022-07-05 09:14:46.744066,18.3,59.998124,119.856629,3332.377588,2159,382,456,//qar7000185/GP0_UPLOAD/BOXER/CYLOM\KZ-04-84_CP-13\20221011\can_Tapper17-07-05-08-53-23.pcap.gz
220,2022-07-05 09:34:44.428506,can_tapper17,2022-07-05 09:33:44.428506,2022-07-05 09:36:44.428506,18.608333333333334,59.963945,119.977674,1317.68444,2159,359,803,//qar7000185/GP0_UPLOAD/BOXER/CYLOM\KZ-04-84_CP-13\20221011\can_Tapper17-07-05-08-53-23.pcap.gz
221,2022-07-05 10:07:14.208845,can_tapper17,2022-07-05 10:06:14.208845,2022-07-05 10:09:14.208845,19.205000000000002,59.959272,119.960252,1949.780339,2160,398,544,//qar7000185/GP0_UPLOAD/BOXER/CYLOM\KZ-04-84_CP-13\20221011\can_Tapper17-07-05-09-53-24.pcap.gz
222,2022-07-05 10:25:59.165939,can_tapper17,2022-07-05 10:24:59.165939,2022-07-05 10:27:59.165939,19.8,59.924539,119.960692,1124.957094,2160,406,541,//qar7000185/GP0_UPLOAD/BOXER/CYLOM\KZ-04-84_CP-13\20221011\can_Tapper17-07-05-09-53-24.pcap.gz
223,2022-07-05 12:53:51.467336,can_tapper17,2022-07-05 12:52:51.467336,2022-07-05 12:55:51.467336,22.48,59.842883,119.999574,8872.301397,2160,287,254,//qar7000185/GP0_UPLOAD/BOXER/CYLOM\KZ-04-84_CP-13\20221011\can_Tapper17-07-05-12-00-33.pcap.gz
224,2022-07-05 13:55:06.944543,can_tapper17,2022-07-05 13:54:06.944543,2022-07-05 13:57:06.944543,23.266666666666666,59.994395,119.98645,3675.477207,2160,400,544,//qar7000185/GP0_UPLOAD/BOXER/CYLOM\KZ-04-84_CP-13\20221011\can_Tapper17-07-05-13-00-33.pcap.gz
225,2022-07-06 08:20:42.471208,can_tapper17,2022-07-06 08:19:42.471208,2022-07-06 08:22:42.471208,19.125,7.922451,119.897698,66335.526665,1536,366,399,//qar7000185/GP0_UPLOAD/BOXER/CYLOM\KZ-04-84_CP-13\20221011\can_Tapper17-07-06-08-20-34.pcap.gz
226,2022-07-06 12:52:12.767274,can_tapper17,2022-07-06 12:51:12.767274,2022-07-06 12:54:12.767274,21.36,59.988673,119.838657,16290.296066,2159,390,535,//qar7000185/GP0_UPLOAD/BOXER/CYLOM\KZ-04-84_CP-13\20221011\can_Tapper17-07-06-12-20-34.pcap.gz
227,2022-07-07 07:17:47.071664,can_tapper17,2022-07-07 07:16:47.071664,2022-07-07 07:19:47.071664,21.991666666666667,54.508351,119.799697,66334.30439,2094,336,484,//qar7000185/GP0_UPLOAD/BOXER/CYLOM\KZ-04-84_CP-13\20221011\can_Tapper17-07-07-07-16-52.pcap.gz
228,2022-07-11 08:24:19.969883,can_tapper17,2022-07-11 08:23:19.969883,2022-07-11 08:26:19.969883,17.008333333333333,12.65286,119.951634,349592.898219,1593,328,415,//qar7000185/GP0_UPLOAD/BOXER/CYLOM\KZ-04-84_CP-13\20221011\can_Tapper17-07-11-08-24-07.pcap.gz
229,2022-07-12 06:50:57.012159,can_tapper17,2022-07-12 06:49:57.012159,2022-07-12 06:52:57.012159,18.966666666666665,59.911698,119.97587,80797.042276,2160,235,190,//qar7000185/GP0_UPLOAD/BOXER/CYLOM\KZ-04-84_CP-13\20221011\can_Tapper17-07-12-06-24-07.pcap.gz
230,2022-07-12 12:53:28.133501,can_tapper17,2022-07-12 12:52:28.133501,2022-07-12 12:55:28.133501,25.1,59.826726,119.828,21751.121342,2157,386,511,//qar7000185/GP0_UPLOAD/BOXER/CYLOM\KZ-04-84_CP-13\20221011\can_Tapper17-07-12-12-24-07.pcap.gz
231,2022-07-12 13:47:03.552140,can_tapper17,2022-07-12 13:46:03.552140,2022-07-12 13:49:03.552140,22.95,59.966076,119.884426,3215.418639,2159,369,444,//qar7000185/GP0_UPLOAD/BOXER/CYLOM\KZ-04-84_CP-13\20221011\can_Tapper17-07-12-13-24-07.pcap.gz
232,2022-07-12 15:12:57.768220,can_tapper17,2022-07-12 15:11:57.768220,2022-07-12 15:14:57.768220,25.5,59.992199,119.84045,5154.21608,2158,407,634,//qar7000185/GP0_UPLOAD/BOXER/CYLOM\KZ-04-84_CP-13\20221011\can_Tapper17-07-12-14-24-07.pcap.gz
233,2022-07-12 15:43:13.541838,can_tapper17,2022-07-12 15:42:13.541838,2022-07-12 15:45:13.541838,26.46666666666667,60.000054,119.929037,1815.773618,2160,203,309,//qar7000185/GP0_UPLOAD/BOXER/CYLOM\KZ-04-84_CP-13\20221011\can_Tapper17-07-12-15-24-07.pcap.gz
234,2022-07-12 17:15:28.077039,can_tapper17,2022-07-12 17:14:28.077039,2022-07-12 17:17:28.077039,25.7,59.998405,119.844853,5534.535201,2158,399,620,//qar7000185/GP0_UPLOAD/BOXER/CYLOM\KZ-04-84_CP-13\20221011\can_Tapper17-07-12-16-24-07.pcap.gz
235,2022-07-13 08:58:59.722601,can_tapper17,2022-07-13 08:57:59.722601,2022-07-13 09:00:59.722601,26.05,59.923549,119.982124,56611.645562,2159,375,469,//qar7000185/GP0_UPLOAD/BOXER/CYLOM\KZ-04-84_CP-13\20221011\can_Tapper17-07-13-08-24-07.pcap.gz
236,2022-07-13 09:04:36.752950,can_tapper17,2022-07-13 09:03:36.752950,2022-07-13 09:06:36.752950,26.15,59.954625,119.922343,337.030349,2159,456,567,//qar7000185/GP0_UPLOAD/BOXER/CYLOM\KZ-04-84_CP-13\20221011\can_Tapper17-07-13-08-24-07.pcap.gz
237,2022-07-13 09:51:35.721039,can_tapper17,2022-07-13 09:50:35.721039,2022-07-13 09:53:35.721039,28.55,59.981506,119.920044,2818.968089,2159,378,576,//qar7000185/GP0_UPLOAD/BOXER/CYLOM\KZ-04-84_CP-13\20221011\can_Tapper17-07-13-09-24-07.pcap.gz
238,2022-07-13 14:33:42.739849,can_tapper17,2022-07-13 14:32:42.739849,2022-07-13 14:35:42.739849,29.016666666666662,59.99375,119.860875,16927.01881,2159,379,692,//qar7000185/GP0_UPLOAD/BOXER/CYLOM\KZ-04-84_CP-13\20221011\can_Tapper17-07-13-14-24-07.pcap.gz
239,2022-07-13 15:50:09.047888,can_tapper17,2022-07-13 15:49:09.047888,2022-07-13 15:52:09.047888,29.45,59.993134,119.868385,4586.308039,4316,768,1164,//qar7000185/GP0_UPLOAD/BOXER/CYLOM\KZ-04-84_CP-13\20221011\can_Tapper17-07-13-15-24-07.pcap.gz
240,2022-07-13 15:50:09.047888,can_tapper17,2022-07-13 15:49:09.047888,2022-07-13 15:52:09.047888,29.45,59.993134,119.868385,0.0,4316,768,1164,//qar7000185/GP0_UPLOAD/BOXER/CYLOM\KZ-04-84_CP-13\20221011\can_Tapper17-07-13-15-24-07.pcap.gz
241,2022-07-13 17:31:01.992858,can_tapper17,2022-07-13 17:30:01.992858,2022-07-13 17:33:01.992858,33.8,59.853699,119.97255,6052.94497,2159,372,620,//qar7000185/GP0_UPLOAD/BOXER/CYLOM\KZ-04-84_CP-13\20221011\can_Tapper17-07-13-17-24-07.pcap.gz
242,2022-07-13 18:20:52.498947,can_tapper17,2022-07-13 18:19:52.498947,2022-07-13 18:22:52.498947,34.205,59.926674,119.951699,2990.506089,2159,294,271,//qar7000185/GP0_UPLOAD/BOXER/CYLOM\KZ-04-84_CP-13\20221011\can_Tapper17-07-13-17-24-07.pcap.gz
243,2022-07-15 07:52:55.478629,can_tapper17,2022-07-15 07:51:55.478629,2022-07-15 07:54:55.478629,18.208333333333332,29.915858,119.907792,135122.979682,1800,355,487,//qar7000185/GP0_UPLOAD/BOXER/CYLOM\KZ-04-84_CP-13\20221011\can_Tapper17-07-15-07-52-25.pcap.gz
244,2022-07-15 08:27:48.760244,can_tapper17,2022-07-15 08:26:48.760244,2022-07-15 08:29:48.760244,18.25,59.913625,119.909373,2093.281615,2160,388,546,//qar7000185/GP0_UPLOAD/BOXER/CYLOM\KZ-04-84_CP-13\20221011\can_Tapper17-07-15-07-52-25.pcap.gz
245,2022-07-15 11:29:47.382956,can_tapper17,2022-07-15 11:28:47.382956,2022-07-15 11:31:47.382956,23.0,33.308057,119.996473,10918.622712,1840,344,349,//qar7000185/GP0_UPLOAD/BOXER/CYLOM\KZ-04-84_CP-13\20221011\can_Tapper17-07-15-11-29-13.pcap.gz
246,2022-07-15 12:59:58.452199,can_tapper17,2022-07-15 12:58:58.452199,2022-07-15 13:01:58.452199,21.883333333333333,5.741545,119.877443,5411.069243,1509,288,298,//qar7000185/GP0_UPLOAD/BOXER/CYLOM\KZ-04-84_CP-13\20221011\can_Tapper17-07-15-12-59-52.pcap.gz
247,2022-07-19 08:26:17.652452,can_tapper17,2022-07-19 08:25:17.652452,2022-07-19 08:28:17.652452,21.65833333333333,56.603356,119.999044,329179.200253,2121,332,560,//qar7000185/GP0_UPLOAD/BOXER/CYLOM\KZ-04-84_CP-13\20221011\can_Tapper17-07-19-08-25-20.pcap.gz
248,2022-07-27 08:15:03.192506,can_tapper17,2022-07-27 08:14:03.192506,2022-07-27 08:17:03.192506,19.333333333333332,59.845845,119.992002,690525.540054,2159,402,806,//qar7000185/GP0_UPLOAD/BOXER/CYLOM\KZ-04-84_CP-13\20221011\can_Tapper17-07-27-08-12-01.pcap.gz
249,2022-07-27 08:21:49.558287,can_tapper17,2022-07-27 08:20:49.558287,2022-07-27 08:23:49.558287,19.41,59.836502,119.998521,406.365781,2158,392,454,//qar7000185/GP0_UPLOAD/BOXER/CYLOM\KZ-04-84_CP-13\20221011\can_Tapper17-07-27-08-12-01.pcap.gz
250,2022-07-27 08:24:03.149610,can_tapper17,2022-07-27 08:23:03.149610,2022-07-27 08:26:03.149610,21.866666666666667,59.865826,119.973273,133.591323,2160,314,336,//qar7000185/GP0_UPLOAD/BOXER/CYLOM\KZ-04-84_CP-13\20221011\can_Tapper17-07-27-08-12-01.pcap.gz
251,2022-07-27 08:26:57.846039,can_tapper17,2022-07-27 08:25:57.846039,2022-07-27 08:28:57.846039,19.8,59.976035,119.797645,174.696429,1849,332,444,//qar7000185/GP0_UPLOAD/BOXER/CYLOM\KZ-04-84_CP-13\20221011\can_Tapper17-07-27-08-26-38.pcap.gz
252,2022-07-27 09:06:47.747570,can_tapper17,2022-07-27 09:05:47.747570,2022-07-27 09:08:47.747570,22.675,59.954941,119.926533,2389.901531,2159,574,601,//qar7000185/GP0_UPLOAD/BOXER/CYLOM\KZ-04-84_CP-13\20221011\can_Tapper17-07-27-08-26-38.pcap.gz
253,2022-08-03 13:18:54.071683,can_tapper17,2022-08-03 13:17:54.071683,2022-08-03 13:20:54.071683,20.175,11.764814,119.814987,619926.324113,1581,320,379,//qar7000185/GP0_UPLOAD/BOXER/CYLOM\KZ-04-84_CP-13\20221011\can_Tapper17-08-03-13-18-41.pcap.gz
254,2022-09-29 13:06:25.945893,can_tapper17,2022-09-29 13:05:25.945893,2022-09-29 13:08:25.945893,15.023333333333335,24.647678,119.91767,4924051.87421,1737,397,530,//qar7000185/GP0_UPLOAD/BOXER/CYLOM\KZ-04-84_CP-13\20221011\can_Tapper17-09-29-13-06-01.pcap.gz
255,2022-09-29 13:11:05.794843,can_tapper17,2022-09-29 13:10:05.794843,2022-09-29 13:13:05.794843,13.166666666666666,59.901527,119.964949,279.84895,2160,491,672,//qar7000185/GP0_UPLOAD/BOXER/CYLOM\KZ-04-84_CP-13\20221011\can_Tapper17-09-29-13-06-01.pcap.gz
256,2022-09-29 14:20:09.926116,can_tapper17,2022-09-29 14:19:09.926116,2022-09-29 14:22:09.926116,15.416666666666668,0.634641,119.914897,4144.131273,1449,361,423,//qar7000185/GP0_UPLOAD/BOXER/CYLOM\KZ-04-84_CP-13\20221011\can_Tapper17-09-29-14-20-09.pcap.gz
257,2022-09-30 08:11:16.349565,can_tapper17,2022-09-30 08:10:16.349565,2022-09-30 08:13:16.349565,15.325,25.818361,119.993292,64266.423449,1751,402,447,//qar7000185/GP0_UPLOAD/BOXER/CYLOM\KZ-04-84_CP-13\20221011\can_Tapper17-09-30-08-10-50.pcap.gz
258,2022-09-30 08:18:34.088255,can_tapper17,2022-09-30 08:17:34.088255,2022-09-30 08:20:34.088255,15.366666666666669,59.998153,119.830298,437.73869,2160,459,514,//qar7000185/GP0_UPLOAD/BOXER/CYLOM\KZ-04-84_CP-13\20221011\can_Tapper17-09-30-08-10-50.pcap.gz
259,2022-10-03 10:52:04.718823,can_tapper17,2022-10-03 10:51:04.718823,2022-10-03 10:54:04.718823,14.833333333333332,10.632985,119.925744,268410.630568,1569,350,588,//qar7000185/GP0_UPLOAD/BOXER/CYLOM\KZ-04-84_CP-13\20221011\can_Tapper17-10-03-10-51-53.pcap.gz
260,2022-10-03 11:07:45.455382,can_tapper17,2022-10-03 11:06:45.455382,2022-10-03 11:09:45.455382,14.95,59.987669,119.816972,940.736559,2159,254,349,//qar7000185/GP0_UPLOAD/BOXER/CYLOM\KZ-04-84_CP-13\20221011\can_Tapper17-10-03-10-51-53.pcap.gz
261,2022-10-03 11:15:49.355956,can_tapper17,2022-10-03 11:14:49.355956,2022-10-03 11:17:49.355956,13.05,59.866101,119.940353,483.900574,2158,414,568,//qar7000185/GP0_UPLOAD/BOXER/CYLOM\KZ-04-84_CP-13\20221011\can_Tapper17-10-03-10-51-53.pcap.gz
262,2022-10-03 11:25:50.749309,can_tapper17,2022-10-03 11:24:50.749309,2022-10-03 11:27:50.749309,15.283333333333331,59.895777,119.984997,601.393353,2160,508,484,//qar7000185/GP0_UPLOAD/BOXER/CYLOM\KZ-04-84_CP-13\20221011\can_Tapper17-10-03-10-51-53.pcap.gz
263,2022-10-03 11:36:17.975330,can_tapper17,2022-10-03 11:35:17.975330,2022-10-03 11:38:17.975330,17.483333333333334,59.970556,119.9932,627.226021,2160,410,440,//qar7000185/GP0_UPLOAD/BOXER/CYLOM\KZ-04-84_CP-13\20221011\can_Tapper17-10-03-10-51-53.pcap.gz
264,2022-10-03 11:41:47.526680,can_tapper17,2022-10-03 11:40:47.526680,2022-10-03 11:43:47.526680,15.583333333333332,59.903251,119.93825,329.55135,2159,388,386,//qar7000185/GP0_UPLOAD/BOXER/CYLOM\KZ-04-84_CP-13\20221011\can_Tapper17-10-03-10-51-53.pcap.gz
265,2022-10-03 13:23:34.530091,can_tapper17,2022-10-03 13:22:34.530091,2022-10-03 13:25:34.530091,16.15833333333333,59.937514,119.853681,6107.003411,2160,463,372,//qar7000185/GP0_UPLOAD/BOXER/CYLOM\KZ-04-84_CP-13\20221011\can_Tapper17-10-03-13-05-13.pcap.gz
266,2022-10-03 13:33:46.559016,can_tapper17,2022-10-03 13:32:46.559016,2022-10-03 13:35:46.559016,16.15,59.911625,119.89655,612.028925,2160,445,573,//qar7000185/GP0_UPLOAD/BOXER/CYLOM\KZ-04-84_CP-13\20221011\can_Tapper17-10-03-13-05-13.pcap.gz
267,2022-10-03 13:44:22.539322,can_tapper17,2022-10-03 13:43:22.539322,2022-10-03 13:46:22.539322,16.4,59.950099,119.881974,635.980306,2160,386,502,//qar7000185/GP0_UPLOAD/BOXER/CYLOM\KZ-04-84_CP-13\20221011\can_Tapper17-10-03-13-05-13.pcap.gz
268,2022-10-03 13:51:37.653348,can_tapper17,2022-10-03 13:50:37.653348,2022-10-03 13:53:37.653348,16.75,59.981083,119.840846,435.114026,2160,451,394,//qar7000185/GP0_UPLOAD/BOXER/CYLOM\KZ-04-84_CP-13\20221011\can_Tapper17-10-03-13-05-13.pcap.gz
269,2022-10-04 11:46:59.769049,can_tapper17,2022-10-04 11:45:59.769049,2022-10-04 11:48:59.769049,15.875,54.720423,119.832333,78922.115701,2097,527,534,//qar7000185/GP0_UPLOAD/BOXER/CYLOM\KZ-04-84_CP-13\20221011\can_Tapper17-10-04-11-46-04.pcap.gz
270,2022-10-05 13:56:56.976368,can_tapper17,2022-10-05 13:55:56.976368,2022-10-05 13:58:56.976368,16.275,59.870674,119.975598,94197.207319,2160,428,439,//qar7000185/GP0_UPLOAD/BOXER/CYLOM\KZ-04-84_CP-13\20221011\can_Tapper17-10-05-13-50-28.pcap.gz
271,2022-10-07 08:00:27.123509,can_tapper17,2022-10-07 07:59:27.123509,2022-10-07 08:02:27.123509,15.975,59.849815,119.989655,151410.147141,2160,382,495,//qar7000185/GP0_UPLOAD/BOXER/CYLOM\KZ-04-84_CP-13\20221011\can_Tapper17-10-07-07-53-01.pcap.gz
272,2022-10-10 12:41:45.389713,can_tapper17,2022-10-10 12:40:45.389713,2022-10-10 12:43:45.389713,12.833333333333334,3.387076,119.937532,276078.266204,1481,299,489,//qar7000185/GP0_UPLOAD/BOXER/CYLOM\KZ-04-84_CP-13\20221011\can_Tapper17-10-10-12-41-41.pcap.gz
273,2022-10-11 07:25:59.605805,can_tapper17,2022-10-11 07:24:59.605805,2022-10-11 07:27:59.605805,17.9,0.679488,119.89789,67454.216092,1449,324,375,//qar7000185/GP0_UPLOAD/BOXER/CYLOM\KZ-04-84_CP-13\20221011\can_Tapper17-10-11-07-25-58.pcap.gz
274,2022-10-11 07:38:24.008247,can_tapper17,2022-10-11 07:37:24.008247,2022-10-11 07:40:24.008247,15.875,59.869274,119.957356,744.402442,2160,599,645,//qar7000185/GP0_UPLOAD/BOXER/CYLOM\KZ-04-84_CP-13\20221011\can_Tapper17-10-11-07-25-58.pcap.gz
275,2022-10-11 07:39:35.834158,can_tapper17,2022-10-11 07:38:35.834158,2022-10-11 07:41:35.834158,15.866666666666669,59.932479,119.894618,71.825911,2160,559,605,//qar7000185/GP0_UPLOAD/BOXER/CYLOM\KZ-04-84_CP-13\20221011\can_Tapper17-10-11-07-25-58.pcap.gz
276,2022-10-12 09:02:52.006692,can_tapper17,2022-10-12 09:01:52.006692,2022-10-12 09:04:52.006692,19.75,15.264844,119.81319,91396.172534,1623,357,516,//qar7000185/GP0_UPLOAD/BOXER/CYLOM\KZ-04-84_CP-13\20230615\can_Tapper17-10-12-09-02-36.pcap.gz
277,2022-11-01 08:28:40.383527,can_tapper17,2022-11-01 08:27:40.383527,2022-11-01 08:30:40.383527,15.625,18.9061,119.94615,1725948.376835,1683,392,567,//qar7000185/GP0_UPLOAD/BOXER/CYLOM\KZ-04-84_CP-13\20230615\can_Tapper17-11-01-08-28-21.pcap.gz
278,2022-11-01 13:09:24.523338,can_tapper17,2022-11-01 13:08:24.523338,2022-11-01 13:11:24.523338,18.18333333333333,59.885049,119.923025,16844.139811,2160,439,416,//qar7000185/GP0_UPLOAD/BOXER/CYLOM\KZ-04-84_CP-13\20230615\can_Tapper17-11-01-12-28-21.pcap.gz
279,2022-11-01 13:09:30.919658,can_tapper17,2022-11-01 13:08:30.919658,2022-11-01 13:11:30.919658,18.208333333333332,59.781469,119.777845,6.39632,2157,440,435,//qar7000185/GP0_UPLOAD/BOXER/CYLOM\KZ-04-84_CP-13\20230615\can_Tapper17-11-01-12-28-21.pcap.gz
280,2022-11-02 09:12:45.221088,can_tapper17,2022-11-02 09:11:45.221088,2022-11-02 09:14:45.221088,13.433333333333334,59.945405,119.989324,72194.30143,2160,541,570,//qar7000185/GP0_UPLOAD/BOXER/CYLOM\KZ-04-84_CP-13\20230615\can_Tapper17-11-02-08-28-21.pcap.gz
281,2022-11-02 09:23:58.861329,can_tapper17,2022-11-02 09:22:58.861329,2022-11-02 09:25:58.861329,15.77,59.977491,119.975473,673.640241,2160,419,646,//qar7000185/GP0_UPLOAD/BOXER/CYLOM\KZ-04-84_CP-13\20230615\can_Tapper17-11-02-08-28-21.pcap.gz
282,2022-11-02 09:30:10.585428,can_tapper17,2022-11-02 09:29:10.585428,2022-11-02 09:32:10.585428,15.9,59.961169,119.943774,371.724099,2160,369,563,//qar7000185/GP0_UPLOAD/BOXER/CYLOM\KZ-04-84_CP-13\20230615\can_Tapper17-11-02-09-28-21.pcap.gz
283,2022-11-02 13:27:14.664480,can_tapper17,2022-11-02 13:26:14.664480,2022-11-02 13:29:14.664480,13.666666666666666,59.996329,119.794495,14224.079052,2159,314,584,//qar7000185/GP0_UPLOAD/BOXER/CYLOM\KZ-04-84_CP-13\20230615\can_Tapper17-11-02-12-28-21.pcap.gz
284,2022-11-03 08:10:10.873555,can_tapper17,2022-11-03 08:09:10.873555,2022-11-03 08:12:10.873555,15.5,0.897398,119.919788,67376.209075,1452,379,381,//qar7000185/GP0_UPLOAD/BOXER/CYLOM\KZ-04-84_CP-13\20230615\can_Tapper17-11-03-08-10-09.pcap.gz
285,2022-11-08 07:52:01.410518,can_tapper17,2022-11-08 07:51:01.410518,2022-11-08 07:54:01.410518,14.675,46.854667,119.992102,430910.536963,1825,351,515,//qar7000185/GP0_UPLOAD/BOXER/CYLOM\KZ-04-84_CP-13\20230615\can_Tapper17-11-08-07-49-48.pcap.gz
286,2022-11-08 07:59:25.711402,can_tapper17,2022-11-08 07:58:25.711402,2022-11-08 08:01:25.711402,14.63,59.991699,119.891773,444.300884,2160,411,417,//qar7000185/GP0_UPLOAD/BOXER/CYLOM\KZ-04-84_CP-13\20230615\can_Tapper17-11-08-07-49-48.pcap.gz
287,2022-11-08 09:43:56.858996,can_tapper17,2022-11-08 09:42:56.858996,2022-11-08 09:45:56.858996,16.85,54.588049,119.795024,6271.147594,1941,83,118,//qar7000185/GP0_UPLOAD/BOXER/CYLOM\KZ-04-84_CP-13\20230615\can_Tapper17-11-08-09-34-37.pcap.gz
288,2022-11-08 10:26:54.048673,can_tapper17,2022-11-08 10:25:54.048673,2022-11-08 10:28:54.048673,16.85,59.969126,119.8535,2577.189677,2121,322,434,//qar7000185/GP0_UPLOAD/BOXER/CYLOM\KZ-04-84_CP-13\20230615\can_Tapper17-11-08-10-23-48.pcap.gz
289,2022-11-14 15:41:05.954989,can_tapper17,2022-11-14 15:40:05.954989,2022-11-14 15:43:05.954989,12.120000000000001,15.592214,47.172665,537251.906316,933,176,192,//qar7000185/GP0_UPLOAD/BOXER/CYLOM\KZ-04-84_CP-13\20230615\can_Tapper17-11-14-15-40-50.pcap.gz
290,2022-11-24 13:44:00.668152,can_tapper17,2022-11-24 13:43:00.668152,2022-11-24 13:46:00.668152,3.95,6.291862,119.986857,856974.713163,3032,632,772,//qar7000185/GP0_UPLOAD/BOXER/CYLOM\KZ-04-84_CP-13\20230615\can_Tapper17-11-24-13-43-54.pcap.gz
291,2022-11-24 13:44:00.668152,can_tapper17,2022-11-24 13:43:00.668152,2022-11-24 13:46:00.668152,3.95,6.291862,119.986857,0.0,3032,632,772,//qar7000185/GP0_UPLOAD/BOXER/CYLOM\KZ-04-84_CP-13\20230615\can_Tapper17-11-24-13-43-54.pcap.gz
292,2022-11-24 17:13:02.203705,can_tapper17,2022-11-24 17:12:02.203705,2022-11-24 17:15:02.203705,6.275,59.95435,97.482243,12541.535553,1890,332,454,//qar7000185/GP0_UPLOAD/BOXER/CYLOM\KZ-04-84_CP-13\20230615\can_Tapper17-11-24-16-43-54.pcap.gz
293,2023-02-07 09:59:03.483269,can_tapper17,2023-02-07 09:58:03.483269,2023-02-07 10:01:03.483269,2.34,59.949701,119.975099,6453961.279564,2160,422,654,//qar7000185/GP0_UPLOAD/BOXER/CYLOM\KZ-04-84_CP-13\20230615\can_Tapper17-02-07-09-35-48.pcap.gz
294,2023-02-08 08:34:27.822610,can_tapper17,2023-02-08 08:33:27.822610,2023-02-08 08:36:27.822610,5.958333333333333,7.011444,119.8333,81324.339341,1524,347,453,//qar7000185/GP0_UPLOAD/BOXER/CYLOM\KZ-04-84_CP-13\20230615\can_Tapper17-02-08-08-34-20.pcap.gz
295,2023-02-09 10:48:42.508705,can_tapper17,2023-02-09 10:47:42.508705,2023-02-09 10:50:42.508705,4.45,13.107444,119.960124,94454.686095,1598,354,413,//qar7000185/GP0_UPLOAD/BOXER/CYLOM\KZ-04-84_CP-13\20230615\can_Tapper17-02-09-10-48-29.pcap.gz
296,2023-02-09 12:56:54.513045,can_tapper17,2023-02-09 12:55:54.513045,2023-02-09 12:58:54.513045,6.341666666666667,5.470578,119.853177,7692.00434,1506,311,492,//qar7000185/GP0_UPLOAD/BOXER/CYLOM\KZ-04-84_CP-13\20230615\can_Tapper17-02-09-12-56-48.pcap.gz
297,2023-02-09 14:02:35.014550,can_tapper17,2023-02-09 14:01:35.014550,2023-02-09 14:04:35.014550,7.0875,59.919719,119.938187,3940.501505,2159,404,734,//qar7000185/GP0_UPLOAD/BOXER/CYLOM\KZ-04-84_CP-13\20230615\can_Tapper17-02-09-13-56-48.pcap.gz
298,2023-02-09 15:14:14.785240,can_tapper17,2023-02-09 15:13:14.785240,2023-02-09 15:16:14.785240,8.308333333333334,59.990075,119.854096,4299.77069,2159,341,534,//qar7000185/GP0_UPLOAD/BOXER/CYLOM\KZ-04-84_CP-13\20230615\can_Tapper17-02-09-14-56-48.pcap.gz
299,2023-02-10 08:48:56.092214,can_tapper17,2023-02-10 08:47:56.092214,2023-02-10 08:50:56.092214,5.5,8.215123,119.898332,63281.306974,1539,345,477,//qar7000185/GP0_UPLOAD/BOXER/CYLOM\KZ-04-84_CP-13\20230615\can_Tapper17-02-10-08-48-47.pcap.gz
300,2023-03-15 13:46:05.640131,can_tapper17,2023-03-15 13:45:05.640131,2023-03-15 13:48:05.640131,9.3,59.986799,119.889694,2869029.547917,2159,419,770,//qar7000185/GP0_UPLOAD/BOXER/CYLOM\KZ-04-84_CP-13\20230615\can_Tapper17-03-15-13-35-37.pcap.gz
301,2023-03-15 13:47:15.572581,can_tapper17,2023-03-15 13:46:15.572581,2023-03-15 13:49:15.572581,8.258333333333335,59.921849,119.982923,69.93245,2160,408,780,//qar7000185/GP0_UPLOAD/BOXER/CYLOM\KZ-04-84_CP-13\20230615\can_Tapper17-03-15-13-35-37.pcap.gz
302,2023-03-15 13:48:55.724467,can_tapper17,2023-03-15 13:47:55.724467,2023-03-15 13:50:55.724467,8.35,59.944585,119.984791,100.151886,2159,337,405,//qar7000185/GP0_UPLOAD/BOXER/CYLOM\KZ-04-84_CP-13\20230615\can_Tapper17-03-15-13-35-37.pcap.gz
303,2023-03-17 09:39:16.733091,can_tapper17,2023-03-17 09:38:16.733091,2023-03-17 09:41:16.733091,7.466666666666667,45.861843,119.975389,157821.008624,1992,363,593,//qar7000185/GP0_UPLOAD/BOXER/CYLOM\KZ-04-84_CP-13\20230615\can_Tapper17-03-17-09-38-30.pcap.gz
304,2023-03-17 12:03:14.004642,can_tapper17,2023-03-17 12:02:14.004642,2023-03-17 12:05:14.004642,9.891666666666667,19.390791,119.949228,8637.271551,1674,377,498,//qar7000185/GP0_UPLOAD/BOXER/CYLOM\KZ-04-84_CP-13\20230615\can_Tapper17-03-17-12-02-54.pcap.gz
305,2023-03-21 11:03:33.328666,can_tapper17,2023-03-21 11:02:33.328666,2023-03-21 11:05:33.328666,15.3,59.956817,119.955107,342019.324024,2160,291,426,//qar7000185/GP0_UPLOAD/BOXER/CYLOM\KZ-04-84_CP-13\20230615\can_Tapper17-03-21-10-12-15.pcap.gz
306,2023-03-22 09:01:56.263275,can_tapper17,2023-03-22 09:00:56.263275,2023-03-22 09:03:56.263275,15.15,59.887684,119.905751,79102.934609,2158,357,450,//qar7000185/GP0_UPLOAD/BOXER/CYLOM\KZ-04-84_CP-13\20230615\can_Tapper17-03-22-08-55-57.pcap.gz
307,2023-03-22 10:04:34.450669,can_tapper17,2023-03-22 10:03:34.450669,2023-03-22 10:06:34.450669,15.05,59.979625,119.821873,3758.187394,2158,274,653,//qar7000185/GP0_UPLOAD/BOXER/CYLOM\KZ-04-84_CP-13\20230615\can_Tapper17-03-22-09-55-57.pcap.gz
308,2023-03-22 10:05:01.558971,can_tapper17,2023-03-22 10:04:01.558971,2023-03-22 10:07:01.558971,15.125,59.864607,119.969297,27.108302,2160,300,703,//qar7000185/GP0_UPLOAD/BOXER/CYLOM\KZ-04-84_CP-13\20230615\can_Tapper17-03-22-09-55-57.pcap.gz
309,2023-04-11 07:50:00.110685,can_tapper17,2023-04-11 07:49:00.110685,2023-04-11 07:52:00.110685,12.95,48.504238,119.814725,1719898.551714,2022,403,358,//qar7000185/GP0_UPLOAD/BOXER/CYLOM\KZ-04-84_CP-13\20230615\can_Tapper17-04-11-07-49-11.pcap.gz
310,2023-04-11 10:08:51.575253,can_tapper17,2023-04-11 10:07:51.575253,2023-04-11 10:10:51.575253,11.4,38.205336,119.870225,8331.464568,1899,353,351,//qar7000185/GP0_UPLOAD/BOXER/CYLOM\KZ-04-84_CP-13\20230615\can_Tapper17-04-11-10-08-13.pcap.gz
311,2023-04-13 17:35:45.776033,can_tapper17,2023-04-13 17:34:45.776033,2023-04-13 17:37:45.776033,11.633333333333333,25.137028,79.672605,199614.20078,1260,255,369,//qar7000185/GP0_UPLOAD/BOXER/CYLOM\KZ-04-84_CP-13\20230615\can_Tapper17-04-13-17-35-20.pcap.gz
312,2023-04-13 17:38:10.909941,can_tapper17,2023-04-13 17:37:10.909941,2023-04-13 17:40:10.909941,11.65,7.05752,50.748644,145.133908,695,147,215,//qar7000185/GP0_UPLOAD/BOXER/CYLOM\KZ-04-84_CP-13\20230615\can_Tapper17-04-13-17-38-03.pcap.gz
313,2023-04-13 17:40:54.389642,can_tapper17,2023-04-13 17:39:54.389642,2023-04-13 17:42:54.389642,11.55,6.051189,119.776486,163.479701,1512,324,416,//qar7000185/GP0_UPLOAD/BOXER/CYLOM\KZ-04-84_CP-13\20230615\can_Tapper17-04-13-17-40-47.pcap.gz
314,2023-06-16 08:02:24.379809,can_tapper17,2023-06-16 08:01:24.379809,2023-06-16 08:04:24.379809,22.008333333333333,59.833948,119.981974,5494889.990167,2158,337,444,//qar7000185/GP0_UPLOAD/BOXER/CYLOM\KZ-04-84_CP-13\20230919\can_Tapper17-06-16-07-18-54.pcap.gz
315,2023-09-11 09:50:51.906334,can_tapper17,2023-09-11 09:49:51.906334,2023-09-11 09:52:51.906334,21.55,2.042299,119.797256,7523307.526525,1464,281,363,//qar7000185/GP0_UPLOAD/BOXER/CYLOM\KZ-04-84_CP-13\20230919\can_Tapper17-09-11-09-50-49.pcap.gz
316,2023-09-12 10:07:17.859546,can_tapper17,2023-09-12 10:06:17.859546,2023-09-12 10:09:17.859546,23.375,10.50214,118.8244,87385.953212,1554,325,478,//qar7000185/GP0_UPLOAD/BOXER/CYLOM\KZ-04-84_CP-13\20230919\can_Tapper17-09-12-10-07-07.pcap.gz
317,2023-09-12 10:46:34.637681,can_tapper17,2023-09-12 10:45:34.637681,2023-09-12 10:48:34.637681,23.41,6.296626,56.765844,2356.778135,759,175,232,//qar7000185/GP0_UPLOAD/BOXER/CYLOM\KZ-04-84_CP-13\20230919\can_Tapper17-09-12-10-46-28.pcap.gz
318,2023-09-14 07:05:02.953705,can_tapper17,2023-09-14 07:04:02.953705,2023-09-14 07:07:02.953705,17.61111111111111,8.464792,119.861155,159508.316024,1542,306,377,//qar7000185/GP0_UPLOAD/BOXER/CYLOM\KZ-04-84_CP-13\20230919\can_Tapper17-09-14-07-04-54.pcap.gz
319,2023-09-14 07:27:08.267097,can_tapper17,2023-09-14 07:26:08.267097,2023-09-14 07:29:08.267097,20.3,59.893328,119.937974,1325.313392,2160,466,512,//qar7000185/GP0_UPLOAD/BOXER/CYLOM\KZ-04-84_CP-13\20230919\can_Tapper17-09-14-07-22-01.pcap.gz
320,2023-09-14 07:35:36.158919,can_tapper17,2023-09-14 07:34:36.158919,2023-09-14 07:37:36.158919,23.15,59.890748,119.994525,507.891822,2159,368,422,//qar7000185/GP0_UPLOAD/BOXER/CYLOM\KZ-04-84_CP-13\20230919\can_Tapper17-09-14-07-22-01.pcap.gz
321,2023-09-14 07:39:29.085936,can_tapper17,2023-09-14 07:38:29.085936,2023-09-14 07:41:29.085936,20.48333333333333,59.993916,119.93595,232.927017,2160,344,243,//qar7000185/GP0_UPLOAD/BOXER/CYLOM\KZ-04-84_CP-13\20230919\can_Tapper17-09-14-07-22-01.pcap.gz
322,2023-09-14 07:41:54.546418,can_tapper17,2023-09-14 07:40:54.546418,2023-09-14 07:43:54.546418,20.509999999999998,59.916249,119.959624,145.460482,2159,364,350,//qar7000185/GP0_UPLOAD/BOXER/CYLOM\KZ-04-84_CP-13\20230919\can_Tapper17-09-14-07-22-01.pcap.gz
323,2023-09-14 08:04:37.068188,can_tapper17,2023-09-14 08:03:37.068188,2023-09-14 08:06:37.068188,20.688333333333333,59.95208,119.984249,1362.52177,2160,355,359,//qar7000185/GP0_UPLOAD/BOXER/CYLOM\KZ-04-84_CP-13\20230919\can_Tapper17-09-14-07-22-01.pcap.gz
324,2023-09-14 08:36:25.116874,can_tapper17,2023-09-14 08:35:25.116874,2023-09-14 08:38:25.116874,20.55,59.915663,119.924008,1908.048686,4318,752,1073,//qar7000185/GP0_UPLOAD/BOXER/CYLOM\KZ-04-84_CP-13\20230919\can_Tapper17-09-14-08-22-01.pcap.gz
325,2023-09-14 08:36:25.116874,can_tapper17,2023-09-14 08:35:25.116874,2023-09-14 08:38:25.116874,20.55,59.915663,119.924008,0.0,4318,752,1073,//qar7000185/GP0_UPLOAD/BOXER/CYLOM\KZ-04-84_CP-13\20230919\can_Tapper17-09-14-08-22-01.pcap.gz
326,2023-09-14 09:06:56.198100,can_tapper17,2023-09-14 09:05:56.198100,2023-09-14 09:08:56.198100,20.89428571428571,59.94258,119.878627,1831.081226,4316,642,1127,//qar7000185/GP0_UPLOAD/BOXER/CYLOM\KZ-04-84_CP-13\20230919\can_Tapper17-09-14-08-22-01.pcap.gz
327,2023-09-14 09:06:56.198100,can_tapper17,2023-09-14 09:05:56.198100,2023-09-14 09:08:56.198100,20.89428571428571,59.94258,119.878627,0.0,4316,642,1127,//qar7000185/GP0_UPLOAD/BOXER/CYLOM\KZ-04-84_CP-13\20230919\can_Tapper17-09-14-08-22-01.pcap.gz
328,2023-09-14 09:43:11.470765,can_tapper17,2023-09-14 09:42:11.470765,2023-09-14 09:45:11.470765,21.875,59.971125,119.994743,2175.272665,2160,406,537,//qar7000185/GP0_UPLOAD/BOXER/CYLOM\KZ-04-84_CP-13\20230919\can_Tapper17-09-14-09-22-01.pcap.gz
329,2023-09-14 16:10:51.534621,can_tapper17,2023-09-14 16:09:51.534621,2023-09-14 16:12:51.534621,25.791666666666664,59.941941,119.890005,23260.063856,2159,226,438,//qar7000185/GP0_UPLOAD/BOXER/CYLOM\KZ-04-84_CP-13\20230919\can_Tapper17-09-14-15-22-01.pcap.gz
330,2023-09-14 16:22:32.666149,can_tapper17,2023-09-14 16:21:32.666149,2023-09-14 16:24:32.666149,26.041666666666664,59.966576,119.869818,701.131528,2159,398,725,//qar7000185/GP0_UPLOAD/BOXER/CYLOM\KZ-04-84_CP-13\20230919\can_Tapper17-09-14-16-22-01.pcap.gz
331,2023-09-14 16:39:34.827220,can_tapper17,2023-09-14 16:38:34.827220,2023-09-14 16:41:34.827220,26.46666666666666,59.990731,119.975299,1022.161071,2159,412,601,//qar7000185/GP0_UPLOAD/BOXER/CYLOM\KZ-04-84_CP-13\20230919\can_Tapper17-09-14-16-22-01.pcap.gz
332,2023-09-15 08:39:09.960329,can_tapper17,2023-09-15 08:38:09.960329,2023-09-15 08:41:09.960329,19.50952380952381,24.880353,119.95221,57575.133109,1931,329,552,//qar7000185/GP0_UPLOAD/BOXER/CYLOM\KZ-04-84_CP-13\20230919\can_Tapper17-09-15-08-38-44.pcap.gz
333,2023-09-21 07:01:55.773590,can_tapper17,2023-09-21 07:00:55.773590,2023-09-21 07:03:55.773590,19.6,13.004437,119.826249,512565.813261,1596,317,426,//qar7000185/GP0_UPLOAD/BOXER/CYLOM\KZ-04-84_CP-13\20240402\can_Tapper17-09-21-07-01-42.pcap.gz
334,2023-09-21 07:28:20.536532,can_tapper17,2023-09-21 07:27:20.536532,2023-09-21 07:30:20.536532,14.9,6.463497,119.854444,1584.762942,1518,353,418,//qar7000185/GP0_UPLOAD/BOXER/CYLOM\KZ-04-84_CP-13\20240402\can_Tapper17-09-21-07-28-13.pcap.gz
335,2023-09-21 07:46:05.236732,can_tapper17,2023-09-21 07:45:05.236732,2023-09-21 07:48:05.236732,17.583333333333332,59.883504,119.948036,1064.7002,2160,404,406,//qar7000185/GP0_UPLOAD/BOXER/CYLOM\KZ-04-84_CP-13\20240402\can_Tapper17-09-21-07-28-13.pcap.gz
336,2023-09-21 07:50:52.385609,can_tapper17,2023-09-21 07:49:52.385609,2023-09-21 07:52:52.385609,17.825,59.984476,119.904919,287.148877,2160,338,517,//qar7000185/GP0_UPLOAD/BOXER/CYLOM\KZ-04-84_CP-13\20240402\can_Tapper17-09-21-07-28-13.pcap.gz
337,2023-09-21 09:09:43.486151,can_tapper17,2023-09-21 09:08:43.486151,2023-09-21 09:11:43.486151,18.85,59.968322,119.956883,4731.100542,2159,400,501,//qar7000185/GP0_UPLOAD/BOXER/CYLOM\KZ-04-84_CP-13\20240402\can_Tapper17-09-21-08-28-13.pcap.gz
338,2023-09-21 09:34:40.032298,can_tapper17,2023-09-21 09:33:40.032298,2023-09-21 09:36:40.032298,19.55833333333333,59.943794,119.968441,1496.546147,2160,340,428,//qar7000185/GP0_UPLOAD/BOXER/CYLOM\KZ-04-84_CP-13\20240402\can_Tapper17-09-21-09-28-13.pcap.gz
339,2023-09-21 12:29:00.183854,can_tapper17,2023-09-21 12:28:00.183854,2023-09-21 12:31:00.183854,22.25,59.978489,119.977638,10460.151556,2159,404,567,//qar7000185/GP0_UPLOAD/BOXER/CYLOM\KZ-04-84_CP-13\20240402\can_Tapper17-09-21-12-28-13.pcap.gz
340,2023-09-21 14:01:20.178943,can_tapper17,2023-09-21 14:00:20.178943,2023-09-21 14:03:20.178943,20.115000000000002,59.980019,119.898305,5539.995089,2159,374,656,//qar7000185/GP0_UPLOAD/BOXER/CYLOM\KZ-04-84_CP-13\20240402\can_Tapper17-09-21-13-28-13.pcap.gz
341,2023-09-21 15:59:02.108096,can_tapper17,2023-09-21 15:58:02.108096,2023-09-21 16:01:02.108096,20.175,59.966932,119.957576,7061.929153,2056,291,453,//qar7000185/GP0_UPLOAD/BOXER/CYLOM\KZ-04-84_CP-13\20240402\can_Tapper17-09-21-15-28-13.pcap.gz
342,2023-09-21 16:43:37.088551,can_tapper17,2023-09-21 16:42:37.088551,2023-09-21 16:45:37.088551,24.14,59.897521,119.972954,2674.980455,2159,549,562,//qar7000185/GP0_UPLOAD/BOXER/CYLOM\KZ-04-84_CP-13\20240402\can_Tapper17-09-21-16-28-13.pcap.gz
343,2023-09-25 11:30:56.905382,can_tapper17,2023-09-25 11:29:56.905382,2023-09-25 11:32:56.905382,14.15,3.292538,119.787582,326839.816831,1479,279,554,//qar7000185/GP0_UPLOAD/BOXER/CYLOM\KZ-04-84_CP-13\20240402\can_Tapper17-09-25-11-30-53.pcap.gz
344,2023-09-28 09:53:06.728894,can_tapper17,2023-09-28 09:52:06.728894,2023-09-28 09:55:06.728894,16.8,3.843817,119.987689,253329.823512,1488,309,364,//qar7000185/GP0_UPLOAD/BOXER/CYLOM\KZ-04-84_CP-13\20240402\can_Tapper17-09-28-09-53-02.pcap.gz
345,2023-09-28 10:07:17.044427,can_tapper17,2023-09-28 10:06:17.044427,2023-09-28 10:09:17.044427,20.195,5.462895,119.887524,850.315533,1506,272,380,//qar7000185/GP0_UPLOAD/BOXER/CYLOM\KZ-04-84_CP-13\20240402\can_Tapper17-09-28-10-07-11.pcap.gz
346,2023-10-12 14:06:32.937472,can_tapper17,2023-10-12 14:05:32.937472,2023-10-12 14:08:32.937472,15.525,18.416113,119.93622,1223955.893045,1662,291,486,//qar7000185/GP0_UPLOAD/BOXER/CYLOM\KZ-04-84_CP-13\20240402\can_Tapper17-10-12-14-06-14.pcap.gz
