start_index,start_time,can_tapper_id,start_color,V_pre_total_1_10V,V_min_total_1_10V,V_ocv_total_1_10V,V_drop_total_pct,soc_pct_est_pack,soc_pct_est_ocv_pack,V_ocv_slope_mV_per_s_max,n_ocv_samples_min,temp_avg_start_C,I_pre_A,I_load_A,delta_I_A,t_load_s,I_mean_post_A,I_max_post_A,t_charge_onset_s,R_internal_est_ohm_pack,R_internal_est_ohm_min_voltage_method_pack,R_internal_est_ohm_from_ocv_pack,max_abs_imbalance_pct_pack,mean_abs_imbalance_pct_pack,t_recovery_s_max,tau_relax_s_median,relax_fit_r2_min,pre_data_duration_s,post_data_duration_s,t_since_previous_start_s,n_voltage_samples,n_current_samples,n_temperature_samples,t_before_s,t_after_s
0,2025-11-05 12:30:17.330882,can_tapper30,"rgb(228,26,28)",497.0,442.0,499.0,11.066398390342053,81.00000000000004,87.00000000000001,6.369149497398741,1500,10.866666666666667,20.0,290.0,270.0,1.593917,-11.243055555555555,154.0,2.102599,0.012962962962962964,0.020370370370370372,0.013703703703703706,9.936575052854122,1.1451700424596936,1.5000000000002345,2.892719705486028,0.269989535040849,59.945714,119.914774,,2160,381,492,60.0,120.0
1,2025-11-05 12:33:27.143982,can_tapper30,"rgb(55,126,184)",509.0,474.0,511.0,6.8762278978389,100.0,100.0,8.027071775364446,699,10.9125,15.0,428.0,413.0,0.856731,-6.147826086956521,26.0,2.355431,0.005326876513317191,0.00847457627118644,0.0058111380145278455,6.720977596741344,0.8603063597997381,0.7600000000001188,119.99999999999996,0.2362641377161765,17.002364,94.042418,189.8131,1335,253,283,60.0,120.0
2,2026-02-24 13:38:46.840428,can_tapper30,"rgb(77,175,74)",492.0,431.0,496.0,12.398373983739837,68.33333333333339,78.00000000000004,1.3363205939198848,1500,10.008333333333335,18.0,432.0,414.0,1.101073,-27.55128205128205,40.0,2.098573,0.009661835748792272,0.014734299516908213,0.010628019323671498,11.060948081264108,0.8654478313568282,1.0200000000001594,2.565174071178317,0.6848540579265926,59.911745,119.990505,9594319.696446,2160,443,578,60.0,120.0
3,2026-03-02 13:32:31.511431,can_tapper30,"rgb(152,78,163)",496.0,430.0,500.0,13.306451612903224,78.00000000000004,90.0,4.760926560410991,1500,12.790000000000001,0.0,357.0,357.0,0.537075,-19.20216606498195,145.0,2.045993,0.009523809523809526,0.018487394957983197,0.010644257703081231,20.346320346320347,2.0323260426963246,1.5000000000002345,2.27471676670449,0.6597208847422893,59.933877,119.945225,518024.671003,2160,348,598,60.0,120.0
4,2026-03-02 15:27:46.041950,can_tapper30,"rgb(255,127,0)",508.0,468.0,508.0,7.874015748031496,100.0,100.0,1.6527483802237072e-14,1500,16.875,12.0,456.0,444.0,0.926206,-15.247349823321555,2.0,3.426537,0.006081081081081081,0.009009009009009009,0.006081081081081081,5.410821643286573,0.679367662656313,0.5000000000000782,2.0171482422437275,0.689990248176116,59.89465,119.975001,6914.530519,2160,451,558,60.0,120.0
5,2026-03-05 11:55:58.135259,can_tapper30,"rgb(255,255,51)",503.0,452.0,504.0,10.139165009940358,93.75,95.0,0.6404802846579267,1500,15.330000000000002,16.0,365.0,349.0,1.084044,-24.00990099009901,55.0,2.084023,0.01174785100286533,0.014613180515759312,0.012034383954154728,9.482758620689655,1.299526984768497,1.5000000000002345,1.7887444673306678,0.5237484416619413,59.965774,119.943418,246492.093309,2159,363,599,60.0,120.0
6,2026-03-05 12:42:01.080873,can_tapper30,"rgb(166,86,40)",502.0,449.0,504.0,10.557768924302788,92.5,95.0,0.9421070853808071,1500,16.05,0.0,458.0,458.0,1.108225,-21.775919732441473,138.0,2.111225,0.008733624454148471,0.011572052401746726,0.009170305676855894,3.6559139784946235,0.8415894560303292,1.260000000000197,2.0171482422437275,0.5455497185265705,59.990499,119.937125,2762.945614,2160,432,480,60.0,120.0
7,2026-03-05 13:27:40.653327,can_tapper30,"rgb(247,129,191)",507.0,448.0,511.0,11.637080867850099,98.75,100.0,1.9013964006202089,1500,14.733333333333334,0.0,481.0,481.0,1.052549,-18.756849315068493,345.0,2.05112,0.009563409563409564,0.012266112266112267,0.010395010395010394,15.079365079365079,1.8608910067747177,1.260000000000197,1.406595676542853,0.19223513287981164,59.909199,119.893449,2739.572454,2158,403,554,60.0,120.0
8,2026-03-05 13:28:40.470571,can_tapper30,"rgb(153,153,153)",520.0,463.0,569.0,10.961538461538462,100.0,100.0,49.147168509845784,1500,16.73,13.0,345.0,332.0,1.15393,-16.802816901408452,131.0,2.152499,0.013554216867469882,0.017168674698795183,0.028313253012048192,13.043478260869565,0.6595323361556806,1.5000000000002345,1.7887444673306678,0.31279098583351406,59.961419,119.852556,59.817244,2158,439,779,60.0,120.0
9,2026-03-05 13:44:01.778648,can_tapper30,"rgb(228,26,28)",507.0,449.0,508.0,11.439842209072978,98.75,100.0,0.14559117581834013,1500,16.875,16.0,382.0,366.0,1.157816,-17.945945945945947,21.0,2.154569,0.010928961748633882,0.01584699453551913,0.011202185792349727,9.327548806941431,1.1734808756983401,1.5000000000002345,2.0171482422437275,0.4246666506780461,59.958675,119.942776,921.308077,2159,393,678,60.0,120.0
10,2026-03-05 14:19:21.302862,can_tapper30,"rgb(55,126,184)",504.0,445.0,508.0,11.706349206349206,95.0,100.0,1.0691115862712706,1500,17.2,16.5,343.0,326.5,1.071936,-17.179810725552052,155.0,2.168882,0.016539050535987747,0.01807044410413476,0.01776416539050536,17.29957805907173,0.8048790042554127,1.5000000000002345,1.7887444673306678,0.2911307459020631,59.829764,119.815616,2119.524214,2157,390,644,60.0,120.0
11,2026-03-05 15:52:30.440835,can_tapper30,"rgb(77,175,74)",500.0,455.0,504.0,9.0,90.0,95.0,1.0189871195494493,1500,18.205000000000002,17.0,316.0,299.0,1.351948,-28.331189710610932,18.0,3.037988,0.011705685618729096,0.015050167224080266,0.013043478260869566,13.333333333333334,0.537641702279205,1.0000000000001563,2.565174071178317,0.38852653770543444,59.980377,119.831574,5589.137973,2158,417,645,60.0,120.0
12,2026-03-05 16:15:49.734753,can_tapper30,"rgb(152,78,163)",500.0,455.0,504.0,9.0,90.0,95.0,0.48116465829517513,1500,18.333333333333332,0.0,328.0,328.0,1.05675,-27.75465838509317,16.0,2.057851,0.009451219512195122,0.013719512195121953,0.010670731707317074,8.786610878661088,0.744064426701495,1.0000000000001563,1.7887444673306678,0.4079353751861051,59.884906,119.995974,1399.293918,2160,400,586,60.0,120.0
13,2026-03-05 16:43:17.579715,can_tapper30,"rgb(255,127,0)",522.0,475.0,531.0,9.003831417624522,100.0,100.0,9.762759894558135,1500,18.725,18.0,282.0,264.0,1.391356,-7.352564102564102,221.0,2.090806,0.01628787878787879,0.017803030303030303,0.019696969696969695,6.719367588932807,0.8432933418022448,1.0000000000001563,1.7887444673306678,0.18231699454351713,59.946893,119.967082,1647.844962,2160,440,433,60.0,120.0
14,2026-03-05 17:29:13.625330,can_tapper30,"rgb(255,255,51)",500.0,458.0,504.0,8.4,90.0,95.0,0.8885692838080796,1500,18.825,0.0,309.0,309.0,1.233236,-28.621993127147768,17.0,2.331747,0.009061488673139158,0.013592233009708738,0.010355987055016183,7.23404255319149,0.667775151254681,0.7600000000001188,2.0171482422437275,0.35733505316297876,59.993214,119.907139,2756.045615,2160,424,597,60.0,120.0
15,2026-03-05 20:46:52.754628,can_tapper30,"rgb(166,86,40)",500.0,455.0,503.0,9.0,90.0,93.75,1.2905250180107133,1500,18.75,16.0,333.0,317.0,1.254695,-58.61371841155235,20.0,2.257525,0.008517350157728707,0.014195583596214513,0.00946372239747634,13.807531380753138,0.8009052693434187,1.0000000000001563,3.2620894576029285,0.7652888098300479,59.996124,119.885846,11859.129298,2160,395,599,60.0,120.0
16,2026-03-06 09:02:58.564117,can_tapper30,"rgb(247,129,191)",499.0,452.0,500.0,9.418837675350701,87.00000000000001,90.0,4.156167692041187e-14,1500,14.075,21.0,360.0,339.0,1.296615,-35.1797385620915,145.0,2.397399,0.011799410029498525,0.013864306784660767,0.012094395280235988,10.882956878850102,0.8631084591284388,1.2400000000001938,2.565174071178317,0.6010336827608538,59.99836,119.947969,44165.809489,2160,369,674,60.0,120.0
17,2026-03-06 22:26:07.747308,can_tapper30,"rgb(153,153,153)",496.0,455.0,500.0,8.266129032258064,78.00000000000004,90.0,4.6669265186332956,1500,18.525,15.0,302.0,287.0,1.221996,-66.54838709677419,18.0,2.711527,0.011149825783972125,0.014285714285714287,0.012543554006968641,7.296137339055794,0.8402406652169265,0.5000000000000782,1.7887444673306678,0.5044976360474681,59.873955,119.9547,48189.183191,2159,450,697,60.0,120.0
18,2026-03-07 19:30:54.515913,can_tapper30,"rgb(228,26,28)",495.0,449.0,499.0,9.292929292929292,75.58333333333339,87.00000000000001,1.2328805479464882,1500,16.93,0.0,294.0,294.0,1.437797,-66.61513157894737,17.0,2.030101,0.011224489795918367,0.015646258503401362,0.012585034013605443,8.15450643776824,0.6077361489639898,1.0000000000001563,2.892719705486028,0.6018930286044779,59.962625,119.941899,75886.768605,2160,371,599,60.0,120.0
19,2026-03-08 11:46:15.140529,can_tapper30,"rgb(55,126,184)",500.0,460.0,503.0,8.0,90.0,93.75,1.9982586658925852,1500,14.325,0.0,277.0,277.0,1.459883,-33.17484662576687,26.0,2.062852,0.011191335740072202,0.01444043321299639,0.012274368231046932,5.128205128205129,0.7060508105849941,0.5000000000000782,2.0171482422437275,0.5837745519911387,59.969174,119.955652,58520.624616,2159,496,668,60.0,120.0
20,2026-03-08 12:51:44.373118,can_tapper30,"rgb(77,175,74)",503.0,434.0,504.0,13.717693836978132,93.75,95.0,2.9232752156300525e-13,1500,15.575,18.0,344.0,326.0,1.062756,-25.469314079422382,132.0,2.159926,0.01717791411042945,0.02116564417177914,0.017484662576687116,14.822546972860126,0.9138071253237255,1.5000000000002345,1.7887444673306678,0.5907204971597146,59.992848,119.966849,3929.232589,2159,494,451,60.0,120.0
21,2026-03-08 14:28:09.287391,can_tapper30,"rgb(152,78,163)",504.0,449.0,507.0,10.912698412698413,95.0,98.75,2.028792012796011,1500,15.0,0.0,306.0,306.0,1.282623,-22.38047138047138,17.0,2.379249,0.011764705882352941,0.01797385620915033,0.012745098039215688,11.864406779661017,0.5313349579369434,1.0000000000001563,1.7887444673306678,0.4878351863874608,59.95303,119.895723,5784.914273,2159,412,563,60.0,120.0
22,2026-03-08 14:57:23.231667,can_tapper30,"rgb(255,127,0)",515.0,448.0,520.0,13.009708737864079,100.0,100.0,4.96359331715228,1500,17.418333333333333,0.0,378.0,378.0,1.070671,-11.188741721854305,132.0,2.16942,0.012433862433862434,0.017724867724867723,0.013756613756613757,7.822410147991543,0.6639492600886852,1.5000000000002345,61.00857412112184,0.3241456851618706,59.889403,119.942346,1753.944276,2160,326,499,60.0,120.0
23,2026-04-02 15:00:33.385433,can_tapper30,"rgb(255,255,51)",496.0,446.0,500.0,10.080645161290322,78.00000000000004,90.0,4.002446223308841,1500,14.075,16.5,339.0,322.5,1.235956,-28.108474576271185,135.0,2.335723,0.01364341085271318,0.015503875968992248,0.014883720930232557,9.322033898305085,0.7100587846168986,1.5000000000002345,2.4199454189414036,0.6278706299386025,59.945616,119.992726,2160190.153766,2160,408,629,60.0,120.0
24,2026-04-14 00:16:54.133304,can_tapper30,"rgb(166,86,40)",504.0,452.0,507.0,10.317460317460316,95.0,98.75,4.44444641975264,1500,15.040000000000001,,,,,,,,,,,6.693711967545639,1.1309422041477188,1.0000000000001563,5.948992616750902,0.6878618361865914,59.965524,119.94042,983780.747871,2160,0,557,60.0,120.0
25,2026-04-14 20:24:51.504002,can_tapper30,"rgb(247,129,191)",499.0,462.0,500.0,7.414829659318638,87.00000000000001,90.0,1.0572804699021432,1500,24.119999999999997,0.0,267.0,267.0,1.037777,-55.46545454545455,10.0,2.042775,0.009737827715355807,0.013857677902621723,0.010112359550561799,7.563025210084033,0.9428674735476922,0.5000000000000782,22.311464047271706,0.5474750003653706,59.967156,119.840575,72477.370698,2159,344,537,60.0,120.0
26,2026-04-14 21:07:45.353215,can_tapper30,"rgb(153,153,153)",510.0,458.0,511.0,10.196078431372548,100.0,100.0,0.9859204381863964,1500,21.3,0.0,392.0,392.0,0.651433,-18.614035087719298,24.0,2.149899,0.01173469387755102,0.013265306122448979,0.011989795918367347,5.172413793103448,0.8417150749103263,1.0000000000001563,2.565174071178317,0.636814129354699,59.946461,119.986648,2573.849213,2160,416,574,60.0,120.0
27,2026-04-15 09:12:36.435127,can_tapper30,"rgb(228,26,28)",467.0,440.0,479.0,5.781584582441114,40.0,44.68749999999998,2.8815568362469373,1500,14.458333333333332,52.0,198.0,146.0,1.014297,-53.21799307958477,94.0,2.011155,0.011643835616438355,0.018493150684931504,0.019863013698630135,3.111111111111111,0.699638257802953,0.26000000000004064,6.708616137836345,0.973939231711988,59.948974,119.961475,43491.081912,2159,430,658,60.0,120.0
28,2026-04-15 09:46:47.334342,can_tapper30,"rgb(55,126,184)",507.0,480.0,507.0,5.325443786982249,98.75,98.75,1.1704805202133388,1500,17.718333333333334,12.0,181.0,169.0,0.833651,-42.88030888030888,12.0,2.335226,0.01183431952662722,0.015976331360946748,0.01183431952662722,4.312114989733059,0.6084478188100672,0.5000000000000782,3.2620894576029285,0.734272444009039,59.963001,119.871381,2050.899215,2158,368,676,60.0,120.0
29,2026-04-15 10:06:54.113817,can_tapper30,"rgb(77,175,74)",505.0,473.0,507.0,6.336633663366337,96.25,98.75,1.5500006888890048,1500,19.55,0.0,234.0,234.0,0.550879,-25.517543859649123,17.0,2.54667,0.009401709401709401,0.013675213675213675,0.010256410256410256,5.785123966942149,0.6505518075883022,0.5000000000000782,3.2620894576029285,0.7564957103448066,59.859187,119.981718,1206.779475,2159,324,813,60.0,120.0
30,2026-04-15 13:07:33.067301,can_tapper30,"rgb(152,78,163)",500.0,479.0,501.0,4.2,90.0,91.25,4.147148509842983,1500,23.428571428571427,0.0,138.0,138.0,0.998749,-44.43514644351465,9.0,2.398218,0.012318840579710146,0.015217391304347827,0.013043478260869566,2.691511387163561,0.5358052705540856,0.020000000000003126,5.275382050040925,0.724390110366407,59.971006,119.960474,10838.953484,2160,352,561,60.0,120.0
31,2026-04-15 13:39:29.042418,can_tapper30,"rgb(255,127,0)",508.0,485.0,511.0,4.52755905511811,100.0,100.0,4.280526346900012,1500,24.35,7.0,128.0,121.0,1.009475,-9.581589958158995,34.0,2.013626,0.015702479338842973,0.019008264462809916,0.01818181818181818,3.067484662576687,0.425974675375784,0.020000000000003126,2.565174071178317,0.5050614784430263,59.976899,119.937744,1915.975117,2159,372,554,60.0,120.0
32,2026-04-15 18:56:09.165879,can_tapper30,"rgb(255,255,51)",496.0,465.0,497.0,6.25,78.00000000000004,81.00000000000004,9.606039824904935,1500,28.1,0.0,167.0,167.0,0.799799,-54.99586776859504,32.0,2.308402,0.016167664670658683,0.018562874251497004,0.016766467065868262,4.40251572327044,0.4756622470445384,0.5000000000000782,17.544825121425337,0.8117178329676151,59.934998,119.981192,19000.123461,2159,331,499,60.0,120.0
33,2026-04-15 20:27:03.419379,can_tapper30,"rgb(166,86,40)",496.0,465.0,497.0,6.25,78.00000000000004,81.00000000000004,8.077523590009228,1500,25.475,4.0,171.0,167.0,0.741719,-50.28888888888889,33.0,2.242976,0.011976047904191616,0.018562874251497004,0.012574850299401197,3.673469387755102,0.5615476006654951,0.5000000000000782,25.160402341872658,0.8261333916248631,59.861024,119.957101,5454.2535,2158,318,722,60.0,120.0
34,2026-04-22 14:39:51.829379,can_tapper30,"rgb(247,129,191)",495.0,438.0,499.0,11.515151515151516,75.58333333333339,87.00000000000001,7.544225575209892,1500,11.0,18.0,443.0,425.0,0.42207,-45.48874598070739,25.0,2.019542,0.0051764705882352945,0.013411764705882356,0.006117647058823529,10.359408033826638,2.031921384458632,1.5000000000002345,3.2620894576029285,0.8274815990791952,59.934475,119.975127,583968.41,2160,458,529,60.0,120.0
35,2026-04-22 15:37:50.173665,can_tapper30,"rgb(153,153,153)",495.0,444.0,499.0,10.303030303030303,75.58333333333339,87.00000000000001,5.35823349254765,1500,11.841666666666665,0.0,476.0,476.0,0.526933,-46.849624060150376,21.0,2.030029,0.0046218487394957975,0.010714285714285714,0.0054621848739495795,7.017543859649122,1.5997698639995939,1.0200000000001594,2.27471676670449,0.7723150176123648,59.781999,119.824075,3478.344286,2157,352,563,60.0,120.0
36,2026-05-06 09:27:42.121176,can_tapper30,"rgb(228,26,28)",495.0,445.0,494.0,10.1010101010101,75.58333333333339,73.16666666666671,3.433574859365841,1500,9.0,21.0,318.0,297.0,1.25638,-11.013029315960912,424.0,2.352864,0.01212121212121212,0.016835016835016835,0.011784511784511783,9.090909090909092,1.0898959453488475,1.0000000000001563,2.27471676670449,0.10732008016025352,59.812305,119.810789,1187391.947511,2157,441,496,60.0,120.0
37,2026-05-06 09:28:34.541937,can_tapper30,"rgb(55,126,184)",504.0,449.0,572.0,10.912698412698413,95.0,100.0,103.90201062309927,1500,11.0,21.0,424.0,403.0,1.055052,8.88659793814433,497.0,2.054734,0.010173697270471464,0.013647642679900745,0.02704714640198511,7.6923076923076925,0.9726283899576991,1.5000000000002345,119.99999999999996,0.2122939469789531,59.967241,119.918999,52.420761,2160,451,571,60.0,120.0
38,2026-05-06 09:29:42.877294,can_tapper30,"rgb(77,175,74)",515.0,453.0,574.0,12.03883495145631,100.0,100.0,87.9328479701409,1500,8.966666666666665,0.0,365.0,365.0,1.063371,23.96652719665272,497.0,2.161796,0.013424657534246574,0.016986301369863014,0.02958904109589041,8.403361344537815,0.8996848175099076,1.5000000000002345,28.37311996486042,0.3649138920243743,59.966698,119.840026,68.335357,2159,395,467,60.0,120.0
39,2026-05-06 09:50:01.944491,can_tapper30,"rgb(152,78,163)",496.0,448.0,499.0,9.67741935483871,78.00000000000004,87.00000000000001,1.1178938301750518,1500,9.1,0.0,321.0,321.0,1.21501,-25.076666666666668,27.0,2.214177,0.009034267912772585,0.014953271028037384,0.009968847352024924,7.758620689655173,0.9221619744597369,1.0000000000001563,2.27471676670449,0.6777194894765413,59.968583,119.921042,1219.067197,2160,419,602,60.0,120.0
40,2026-05-06 11:17:54.664972,can_tapper30,"rgb(255,127,0)",496.0,435.0,500.0,12.298387096774194,78.00000000000004,90.0,4.1180018302222825,1500,9.7125,0.0,457.0,457.0,0.517588,-18.221153846153847,20.0,2.019107,0.008315098468271335,0.013347921225382932,0.009190371991247264,12.663755458515285,1.8886762096298781,1.260000000000197,2.145932504474109,0.7397881312327457,59.883491,119.994531,5272.720481,2160,465,597,60.0,120.0
41,2026-05-06 12:17:14.845104,can_tapper30,"rgb(255,255,51)",498.0,449.0,500.0,9.839357429718875,83.87499999999999,90.0,2.4663477628206127,1500,10.475,0.0,476.0,476.0,1.20029,-20.533546325878593,142.0,2.198231,0.008193277310924368,0.010294117647058825,0.00861344537815126,7.592190889370933,0.7112712897828093,1.5000000000002345,2.565174071178317,0.7146810849633292,59.981373,119.884871,3560.180132,2159,435,565,60.0,120.0
42,2026-05-06 12:54:14.564120,can_tapper30,"rgb(166,86,40)",511.0,455.0,515.0,10.95890410958904,100.0,100.0,4.084410704181996,1500,13.02,17.0,335.0,318.0,1.082543,-13.996527777777779,20.0,2.080578,0.011320754716981133,0.01761006289308176,0.012578616352201259,9.917355371900827,0.9623351281301931,1.5000000000002345,1.7887444673306678,0.4082345819117149,59.978847,119.875416,2219.719016,2157,425,429,60.0,120.0
43,2026-05-06 13:15:33.626307,can_tapper30,"rgb(247,129,191)",505.0,470.0,508.0,6.9306930693069315,96.25,100.0,5.194642308728606,1500,11.6625,0.0,430.0,430.0,1.0562,-16.355311355311354,20.0,2.056794,0.006744186046511628,0.00813953488372093,0.007441860465116279,5.042016806722689,0.9443777549603289,0.5000000000000782,1.7887444673306678,0.37431780916480395,59.884001,119.933426,1279.062187,2159,367,453,60.0,120.0
44,2026-05-06 13:35:46.455172,can_tapper30,"rgb(153,153,153)",507.0,465.0,511.0,8.284023668639055,98.75,100.0,5.26194900530968,1500,13.566666666666666,18.0,284.0,266.0,1.3854,-14.479310344827587,18.0,2.983374,0.014661654135338344,0.015789473684210527,0.016165413533834588,8.333333333333334,0.8872530557843046,1.0000000000001563,1.7887444673306678,0.27698986872212294,59.998395,119.936129,1212.828865,2160,444,611,60.0,120.0
45,2026-05-06 15:10:03.232217,can_tapper30,"rgb(228,26,28)",499.0,442.0,500.0,11.422845691382765,87.00000000000001,90.0,0.010453337979123841,1500,11.45,17.0,335.0,318.0,1.127568,-33.52063492063492,144.0,2.129275,0.012264150943396227,0.017924528301886792,0.012578616352201259,6.557377049180328,0.9280679002321797,1.0200000000001594,2.27471676670449,0.6950461024509811,59.930177,119.931424,5656.777045,2159,454,652,60.0,120.0
46,2026-06-03 20:18:53.237824,can_tapper30,"rgb(55,126,184)",515.0,464.0,522.0,9.902912621359224,100.0,100.0,5.101095600485663,1500,18.075,0.0,287.0,287.0,1.235569,-11.88888888888889,25.0,2.333893,0.012195121951219513,0.017770034843205575,0.014634146341463415,12.127236580516898,0.8140078092626479,1.0000000000001563,58.350444692249376,0.4708211151484626,59.924399,119.802759,2437730.005607,2157,201,268,60.0,120.0
47,2026-06-04 00:29:51.714723,can_tapper30,"rgb(77,175,74)",496.0,451.0,500.0,9.07258064516129,78.00000000000004,90.0,6.407949514643191,1500,20.0,0.0,409.0,409.0,0.443007,-26.73384030418251,327.0,2.044183,0.004156479217603913,0.01100244498777506,0.005134474327628362,8.074534161490684,1.7630366835356623,1.0000000000001563,74.20329583699333,0.10144781956960935,59.969343,119.953568,15058.476899,2160,380,503,60.0,120.0
48,2026-06-04 00:31:37.169431,can_tapper30,"rgb(152,78,163)",507.0,462.0,516.0,8.875739644970414,98.75,100.0,11.19566719807225,1500,20.09166666666667,23.0,327.0,304.0,1.245645,-47.56666666666667,26.0,2.34686,0.013157894736842106,0.014802631578947371,0.01611842105263158,7.7894736842105265,0.967212372593689,1.0000000000001563,2.27471676670449,0.5860561490679868,59.89295,119.978524,105.454708,2159,407,652,60.0,120.0
49,2026-06-04 00:48:24.846821,can_tapper30,"rgb(255,127,0)",516.0,459.0,520.0,11.046511627906977,100.0,100.0,3.634099392932639,1500,20.30833333333333,0.0,485.0,485.0,0.44898,-27.0390625,23.0,2.047527,0.003917525773195876,0.011752577319587629,0.004536082474226804,10.040160642570282,2.1617712692411404,1.5000000000002345,95.04527461955671,0.4255196122962276,59.897044,119.984848,1007.67739,2160,159,295,60.0,120.0
50,2026-06-04 01:08:39.275721,can_tapper30,"rgb(255,255,51)",508.0,454.0,515.0,10.62992125984252,100.0,100.0,5.272597898931402,1500,20.075,0.0,403.0,403.0,1.062501,-31.377551020408163,31.0,2.062902,0.007692307692307692,0.013399503722084368,0.009429280397022333,12.5,2.0062878178939485,1.0000000000001563,1.7887444673306678,0.6724748241991266,59.919198,119.96295,1214.4289,2160,345,533,60.0,120.0
51,2026-06-04 01:11:21.652858,can_tapper30,"rgb(166,86,40)",516.0,461.0,524.0,10.65891472868217,100.0,100.0,11.075889367060011,1500,20.14666666666667,21.5,318.0,296.5,1.141037,-17.105263157894736,38.0,2.230663,0.01247892074198988,0.01854974704890388,0.015177065767284992,5.128205128205129,0.5081657070353315,1.0200000000001594,119.99999999999996,0.5579606401244709,59.997943,119.878938,162.377137,2159,318,543,60.0,120.0
52,2026-06-04 01:16:16.248821,can_tapper30,"rgb(247,129,191)",508.0,450.0,511.0,11.41732283464567,100.0,100.0,4.171761854115548,1500,20.085,0.0,395.0,395.0,1.114698,-20.90829694323144,30.0,2.209274,0.010632911392405063,0.014683544303797468,0.01139240506329114,9.956709956709958,0.8585707327699579,1.0000000000001563,119.99999999999996,0.48904690394781325,59.987762,119.858698,294.595963,2160,302,343,60.0,120.0
53,2026-06-04 01:30:13.061061,can_tapper30,"rgb(153,153,153)",503.0,448.0,504.0,10.934393638170974,93.75,95.0,2.388125505833079,1500,20.134999999999998,0.0,343.0,343.0,1.222757,-43.286206896551725,26.0,2.217108,0.009912536443148687,0.016034985422740525,0.010204081632653062,9.803921568627452,1.042619994251182,1.0000000000001563,2.565174071178317,0.739038952767374,59.86895,119.994706,836.81224,2159,338,446,60.0,120.0
54,2026-06-04 02:09:29.228633,can_tapper30,"rgb(228,26,28)",511.0,467.0,512.0,8.610567514677104,100.0,100.0,3.0753969223980486,1500,20.025,0.0,483.0,483.0,0.991745,-28.253968253968253,17.0,2.092924,0.007660455486542443,0.009109730848861283,0.007867494824016562,8.130081300813009,1.21104371745791,1.0000000000001563,2.0171482422437275,0.6901433264397525,59.904929,119.981876,2356.167572,2159,417,478,60.0,120.0
55,2026-06-04 02:44:58.683046,can_tapper30,"rgb(55,126,184)",511.0,450.0,515.0,11.937377690802348,100.0,100.0,5.114828939923368,1500,19.821428571428573,0.0,490.0,490.0,0.382128,-20.679180887372013,24.0,2.38323,0.00489795918367347,0.012448979591836735,0.005714285714285715,11.67728237791932,1.9709619087370642,1.0000000000001563,2.0171482422437275,0.7871427464593665,59.962994,119.906235,2129.454413,2159,417,686,60.0,120.0
