block,cycle,discharge_ah,discharge_complete,discharge_coarse_sampling,charge_ah,charge_complete,charge_coarse_sampling,coulombic_eff_pct,status
1,1,,False,False,15.174805950555557,True,False,,in progress / fragment
1,2,11.99019109472222,True,False,13.253838347222224,True,False,110.53900844879969,complete
1,3,12.803392224444446,True,False,12.977025701666667,True,False,101.35615213670263,complete
1,4,12.692179942777779,True,False,12.654048232777779,True,False,99.69956532154511,complete
1,5,12.278885391388886,True,False,12.498273331944445,True,False,101.78670891992701,complete
1,6,12.10821046861111,True,False,12.423071030555553,True,False,102.60038890768108,complete
1,7,12.461226298333333,True,False,12.644761745,True,False,101.47285220790201,complete
1,8,12.30947575388889,True,False,12.517020825277777,True,False,101.68605938659343,complete
1,9,12.316362115,True,False,12.413466547777777,True,False,100.78841813736146,complete
1,10,12.24919522,True,False,12.409319920277778,True,False,101.30722629039606,complete
2,1,,False,False,13.896161389444444,True,False,,in progress / fragment
2,2,11.725300183888889,True,False,12.461082602222222,True,False,106.27516913677258,complete
2,3,11.701340573888888,True,False,11.877501571388889,True,False,101.50547705527944,complete
2,4,11.26489306916667,True,False,11.476750527222222,True,False,101.88068769720888,complete
2,5,11.21576933861111,True,False,11.556011283333333,True,False,103.03360326385204,complete
2,6,11.380179749722222,True,False,11.439352808333332,True,False,100.51996594001562,complete
2,7,11.11795804611111,True,False,11.301480309444445,True,False,101.65068317916102,complete
2,8,11.13038888,True,False,11.296108802222223,True,False,101.48889606651572,complete
2,9,10.91457009361111,True,False,11.066408128333334,True,False,101.39114993462823,complete
2,10,10.737373248888892,True,False,10.925596598055554,True,False,101.75297388666395,complete
3,1,,False,False,13.451583922222223,True,False,,in progress / fragment
3,2,9.31743911138889,True,False,10.1174518175,True,False,108.5861865749489,complete
3,3,8.945602884444444,True,False,9.126196738611108,True,False,102.01880025862427,complete
3,4,9.017699689166667,True,False,9.173259894166668,True,False,101.72505417525582,complete
3,5,8.854951218333333,True,False,9.063545636111108,True,False,102.35568116226207,complete
3,6,8.49262754611111,True,False,8.426099670277775,True,False,99.21663966219973,complete
3,7,8.272775844166667,True,False,8.267238363888888,True,False,99.93306381821425,complete
3,8,8.446203798333334,True,False,8.387149193888888,True,False,99.30081482930711,complete
3,9,7.921203243888887,True,False,7.922105088055555,True,False,100.0113851916041,complete
3,10,8.423057195277778,True,False,8.335737967222222,True,False,98.96333093755425,complete
4,1,,False,False,13.276489708055554,True,False,,in progress / fragment
4,2,9.779410394722222,True,False,10.299547091944445,True,False,105.3186917843527,complete
4,3,6.888130627222224,True,False,5.028932885833331,True,False,73.00867474781542,complete
4,4,5.0128749788888864,True,False,4.328157902777778,True,True,86.3408307808451,complete (Ah corrected/uncertain — coarse Pi sampling)
4,5,9.131523053248792,True,True,3.588065,True,True,39.2931713480529,complete (Ah corrected/uncertain — coarse Pi sampling)
4,6,8.889641520600163,True,True,3.102208055555556,True,True,34.896885868420455,complete (Ah corrected/uncertain — coarse Pi sampling)
4,7,8.165259268806585,True,True,2.226359196666667,True,True,27.26624009566896,complete (Ah corrected/uncertain — coarse Pi sampling)
4,8,8.482180805191442,True,True,2.274649722222222,True,True,26.816803065905447,complete (Ah corrected/uncertain — coarse Pi sampling)
4,9,8.808770356345029,True,True,3.240539444444444,True,True,36.787648143310456,complete (Ah corrected/uncertain — coarse Pi sampling)
4,10,8.16170478151634,True,True,2.216896944444444,True,True,27.162180007600977,complete (Ah corrected/uncertain — coarse Pi sampling)
5,1,,False,False,4.262419722222222,True,True,,in progress / fragment
5,2,8.190059940938514,True,True,2.849338611111111,True,True,34.79020460971864,complete (Ah corrected/uncertain — coarse Pi sampling)
5,3,8.048503171282507,True,True,2.821566666666667,True,True,35.05703615467494,complete (Ah corrected/uncertain — coarse Pi sampling)
5,4,7.856551600660064,True,True,2.6378963888888887,True,True,33.57575337082069,complete (Ah corrected/uncertain — coarse Pi sampling)
5,5,7.747170614598766,True,True,2.2049219444444446,True,True,28.46099633186715,complete (Ah corrected/uncertain — coarse Pi sampling)
5,6,8.562705566064384,True,True,2.8637730555555554,True,True,33.44472180504755,complete (Ah corrected/uncertain — coarse Pi sampling)
5,7,10.800392283333332,True,False,10.504539565833333,True,False,97.26072248360326,complete
5,8,10.97136711,True,False,10.80006468333333,True,False,98.43864101028456,complete
5,9,9.31627497,True,False,9.592130505833333,True,False,102.96100680499056,complete
5,10,9.407533577777778,True,False,9.563636203611109,True,False,101.6593363663572,complete
6,1,,False,False,12.903422700277776,True,False,,in progress / fragment
6,2,8.383616139444445,True,False,9.152026092222222,True,False,109.16561469414674,complete
6,3,8.256494001666667,True,False,8.92159708,True,False,108.05551458281293,complete
6,4,8.059042421388888,True,False,8.113814192222224,True,False,100.67963125107731,complete
6,5,7.610836267222222,True,False,7.6453313241666665,True,False,100.4532360930297,complete
6,6,7.329660968333333,True,False,7.322224121944444,True,False,99.89853764831663,complete
6,7,7.871714446944445,True,False,7.8367980572222224,True,False,99.55643221108235,complete
6,8,7.3874366561111104,True,False,7.357961030277778,True,False,99.60100333572473,complete
6,9,6.90005802861111,True,False,6.8694296224999984,True,False,99.5561137894187,complete
6,10,6.951745097500001,True,False,6.929696825555555,True,False,99.68283831419,complete
7,1,,False,False,11.913716207777778,True,False,,in progress / fragment
7,2,8.951926759444445,True,False,9.640334279166666,True,False,107.69004861434928,complete
7,3,7.918295181388889,True,False,8.050836674722223,True,False,101.67386401109242,complete
7,4,6.848184211666666,True,False,6.819040794166667,True,False,99.57443584168851,complete
7,5,7.140089765833333,True,False,7.108715092222222,True,False,99.5605843254066,complete
7,6,6.892741167777778,True,False,6.867849379722221,True,False,99.63886953753723,complete
7,7,6.6541507575,True,False,6.626339767777777,True,False,99.58205050147268,complete
7,8,6.36879342777778,True,False,6.341643076666667,True,False,99.57369709947422,complete
7,9,6.703533287222223,True,False,6.666153789722221,True,False,99.44239111080046,complete
7,10,7.186802159722222,True,False,7.1549567213888885,True,False,99.55689000997121,complete
8,1,,False,False,10.374447549166666,True,False,,in progress / fragment
8,2,7.529511729166667,True,False,7.70238897361111,True,False,102.2959954199258,complete
8,3,6.591542549166666,True,False,6.579740026388889,True,False,99.82094444980456,complete
8,4,6.187163967500001,True,False,6.1608273719444435,True,False,99.57433493448859,complete
8,5,6.610301302777779,True,False,6.584735969166668,True,False,99.6132501010148,complete
8,6,6.005690058333333,True,False,5.975215144722222,True,False,99.49256599466327,complete
8,7,6.165085593333333,True,False,6.141046813888889,True,False,99.61008198376939,complete
8,8,5.986811518333333,True,False,5.954923599444444,True,False,99.46736390829678,complete
8,9,5.954015841111112,True,False,5.9200621975,True,False,99.42973541694884,complete
8,10,5.9576429711111105,True,False,5.920899395,True,False,99.38325313736856,complete
9,1,,False,False,8.920857286666665,True,False,,in progress / fragment
9,2,7.666957920555556,True,False,7.661090524444445,True,False,99.92347165366095,complete
9,3,7.619672671388888,True,False,7.600513860277778,True,False,99.74856123173048,complete
9,4,7.524909741111111,True,False,7.5058628955555555,True,False,99.7468827373238,complete
9,5,7.40893671361111,True,False,7.388844623888888,True,False,99.72881277707081,complete
9,6,7.300735385833333,True,False,7.276964432222222,True,False,99.67440329836859,complete
9,7,7.200045653055556,True,False,7.185817257777777,True,False,99.8023846519398,complete
9,8,7.136594316111111,True,False,7.115312003333332,True,False,99.70178614847515,complete
9,9,7.0392632025,True,False,7.018657772777778,True,False,99.7072786010487,complete
9,10,6.953803143333333,True,False,6.9291850183333334,True,False,99.64597610124179,complete
10,1,,False,False,7.881399764999999,True,False,,in progress / fragment
10,2,6.635594183055556,True,False,6.625485850833334,True,False,99.84766500266043,complete
10,3,6.441862385833335,True,False,6.4230235858333335,True,False,99.70755662149148,complete
10,4,6.277686091111111,True,False,6.258427717777777,True,False,99.6932249708917,complete
10,5,6.1507153191666655,True,False,6.126697430277778,True,False,99.60951063994064,complete
10,6,6.022927116111111,True,False,5.99752427611111,True,False,99.57823099117289,complete
10,7,5.913103197777778,True,False,5.885848378888889,True,False,99.539077570993,complete
10,8,5.815913005555555,True,False,5.788684992777777,True,False,99.531835968802,complete
10,9,5.7229159688888895,True,False,5.69671867111111,True,False,99.54223864337352,complete
10,10,5.651650450555555,True,False,5.630011549166666,True,False,99.61712243922017,complete
11,1,,False,False,6.922866153611111,True,False,,in progress / fragment
11,2,5.556166676388888,True,False,5.5418465225,True,False,99.7422655812371,complete
11,3,5.2605033147222215,True,False,5.243271200555555,True,False,99.67242461156826,complete
11,4,5.0578943163888885,True,False,5.033824152499999,True,False,99.52410702194992,complete
11,5,4.925740728611111,True,False,4.897415112777778,True,False,99.42494708118103,complete
11,6,4.847272706666667,True,False,4.820676673611111,True,False,99.45131964580871,complete
11,7,4.8039087233333335,True,False,4.776141263611112,True,False,99.4219819459235,complete
11,8,4.714562114722222,True,False,4.671946108888888,True,False,99.09607711604316,complete
11,9,4.5752545541666665,True,False,4.55818397111111,True,False,99.62689326127199,complete
11,10,4.527575804166666,True,False,4.496766101111111,True,False,99.31950994553858,complete
12,1,,False,False,6.033308027777776,True,False,,in progress / fragment
12,2,4.675805880277778,True,False,4.654630927222223,True,False,99.54713789242471,complete
12,3,4.374901363888889,True,False,4.345313628333333,True,False,99.32369365399234,complete
12,4,4.144425994444445,True,False,4.111571669999999,True,False,99.20726478193876,complete
12,5,3.986054442222222,True,False,3.9537809522222216,True,False,99.19033995978218,complete
12,6,3.8985940472222222,True,False,3.8661273861111107,True,False,99.16722129265435,complete
12,7,3.842367971111112,True,False,3.810176016944444,True,False,99.16218450682747,complete
12,8,3.8110585413888893,True,False,3.775565588611111,True,False,99.06868518569533,complete
12,9,3.7767655630555557,True,False,3.7438702486111106,True,False,99.12900830365994,complete
12,10,3.742907691388889,True,False,3.7065271091666663,True,False,99.0280128386302,complete
13,1,,False,False,5.440441631666666,True,False,,in progress / fragment
13,2,3.5830942638888885,True,False,3.5632898494444443,True,False,99.44728179093593,complete
13,3,3.209323541388889,True,False,3.1882261297222216,True,False,99.34262122859893,complete
13,4,2.9269989375,True,False,2.899950413333334,True,False,99.07589566158951,complete
13,5,2.7325726766666665,True,False,2.705713804444444,True,False,99.01708479882095,complete
13,6,2.5831132566666666,True,False,2.554941394444444,True,False,98.90938339039084,complete
13,7,2.4670248038888882,True,False,2.4383213811111113,True,False,98.83651665226347,complete
13,8,2.372891986388889,True,False,2.344149819722222,True,False,98.78872840266078,complete
13,9,2.2972868930555554,True,False,2.2673998402777777,True,False,98.699028281225,complete
13,10,2.228542292777778,True,False,2.2002472869444443,True,False,98.73033570307229,complete
14,1,,False,False,3.4004072880555554,True,False,,in progress / fragment
14,2,2.5842157111111113,True,False,2.5579451147222225,True,False,98.98342091660787,complete
14,3,2.3264317738888893,True,False,2.29781486,True,False,98.7699224963278,complete
14,4,2.1589271611111114,True,False,2.131087096111111,True,False,98.71046761088168,complete
14,5,2.0458410466666668,True,False,2.018707146666667,True,False,98.67370438948765,complete
14,6,1.9634521525000002,True,False,1.9356907002777777,True,False,98.58608969987506,complete
14,7,1.9026743355555558,True,False,1.8744227058333334,True,False,98.5151620960939,complete
14,8,1.8581840586111111,True,False,1.8291546019444447,True,False,98.43775128022763,complete
14,9,1.8237703169444444,True,False,1.794509748611111,True,False,98.39560014430124,complete
14,10,1.796089536388889,True,False,1.767662484444444,True,False,98.41728091119563,complete
15,1,,False,False,2.5352350424999996,True,False,,in progress / fragment
15,2,2.031470526666667,True,False,2.0042072075,True,False,98.65795152778308,complete
15,3,1.8832537669444442,True,False,1.8557963700000002,True,False,98.54202352192858,complete
15,4,1.7780717488888889,True,False,1.7489091941666668,True,False,98.35987750548055,complete
15,5,1.6990596947222223,True,False,1.6703823644444442,True,False,98.31216464219249,complete
15,6,1.6284352944444442,True,False,1.5983866494444445,True,False,98.15475351691815,complete
15,7,1.5761333366666668,True,False,1.5460366922222222,True,False,98.09047599309743,complete
15,8,1.5258526758333333,True,False,1.4979893791666667,True,False,98.17391959866313,complete
15,9,1.4880362508333331,True,False,1.4593579905555554,True,False,98.07274451400512,complete
15,10,1.4602104655555557,True,False,1.4321776197222222,True,False,98.0802188112884,complete
16,1,,False,False,1.8117646875,True,False,,in progress / fragment
16,2,1.5056967527777776,True,False,1.4784335538888889,True,False,98.18933003351489,complete
16,3,1.4211732002777777,True,False,1.3955331280555556,True,False,98.19585169371258,complete
16,4,1.3636812380555554,True,False,1.336407376388889,True,False,97.99998262749764,complete
16,5,1.3193107863888889,True,False,1.2926755233333334,True,False,97.9811229218811,complete
16,6,1.2775257980555554,True,False,1.2521368080555555,True,False,98.01264365552203,complete
16,7,1.2452626688888888,True,False,1.2194960158333332,True,False,97.9308258651529,complete
16,8,1.2246256419444443,True,False,1.1999272719444445,True,False,97.98319019673767,complete
16,9,1.2029826808333335,True,False,1.1775664519444444,True,False,97.88723235223281,complete
16,10,1.189641010277778,True,False,1.1640648219444445,True,False,97.85009190904057,complete
17,1,,False,False,2.3637893191666666,True,False,,in progress / fragment
17,2,1.7597321766666667,True,False,1.73156882,True,False,98.39956573846284,complete
17,3,1.5524291058333335,True,False,1.5256740102777777,True,False,98.2765657088609,complete
17,4,1.4233407925,True,False,1.3968588080555557,True,False,98.1394487824711,complete
17,5,1.3429759741666667,True,False,1.3158015591666667,True,False,97.97655240877545,complete
17,6,1.2834435430555555,True,False,1.2572742655555553,True,False,97.96101062320997,complete
17,7,1.225497911388889,True,False,1.197835322777778,True,False,97.74274698030612,complete
17,8,1.17627339,True,False,1.1501658272222224,True,False,97.78048513213604,complete
17,9,1.1490991005555555,True,False,1.123301781388889,True,False,97.75499613965461,complete
17,10,1.1160505316666667,True,False,1.089385996388889,True,False,97.6108129048639,complete
18,1,,False,False,2.205174876666667,True,False,,in progress / fragment
18,2,1.6631130294444443,True,False,1.6326778366666665,True,False,98.16998651090212,complete
18,3,1.4633259305555557,True,False,1.4351088827777776,True,False,98.0717181874126,complete
18,4,1.3463463599999999,True,False,1.3181133908333333,True,False,97.90299361253024,complete
18,5,1.2575473577777778,True,False,1.230562664722222,True,False,97.85418076793222,complete
18,6,1.1955390127777779,True,False,1.1695638919444447,True,False,97.82732971858599,complete
18,7,1.1521119969444449,True,False,1.1253490463888887,True,False,97.67705304462282,complete
18,8,1.1131260811111112,True,False,1.0882398688888888,True,False,97.76429529012731,complete
18,9,1.0792813769444445,True,False,1.054662346388889,True,False,97.71894233686727,complete
18,10,1.0635119916666667,True,False,1.0384753133333333,True,False,97.64584898623498,complete
19,1,,False,False,1.3395206630555554,True,False,,in progress / fragment
19,2,1.0450280980555555,True,False,1.0203942658333334,True,False,97.64275886284231,complete
19,3,0.9900711413888889,True,False,0.9685743950000001,True,False,97.82876750061286,complete
19,4,0.9491193266666665,True,False,0.9275158308333334,True,False,97.72383774870488,complete
19,5,0.9078832702777777,True,False,0.8847736963888888,True,False,97.45456551018742,complete
19,6,0.8786555655555556,True,False,0.8554895163888889,True,False,97.36346640540322,complete
19,7,0.8516326511111111,True,False,0.8292764836111112,True,False,97.37490484062205,complete
19,8,0.8350174477777779,True,False,0.80816104,True,False,96.78373094487421,complete
19,9,0.8061601322222222,True,False,0.7834552416666667,True,False,97.1835756138215,complete
19,10,0.7947454180555554,True,False,0.7721996191666669,True,False,97.16314201042522,complete
20,1,,False,False,2.3352102525,True,False,,in progress / fragment
20,2,1.6513805819444447,True,False,1.6237551227777776,True,False,98.3271294655688,complete
20,3,1.4136744144444444,True,False,1.386739740277778,True,False,98.0947045591646,complete
20,4,1.277943986388889,True,False,1.2516287958333336,True,False,97.9408181551122,complete
20,5,1.1875041455555555,True,False,1.160568048888889,True,False,97.73170504141146,complete
20,6,1.1108654325,True,False,1.0862072480555556,True,False,97.78027259440856,complete
20,7,1.0556048713888888,True,False,1.029772703611111,True,False,97.5528563311962,complete
20,8,1.0025392227777776,True,False,0.9781152605555555,True,False,97.56378985806165,complete
20,9,0.965978943611111,True,False,0.9401935258333333,True,False,97.33064390809758,complete
20,10,0.9357021200000001,True,False,0.9108493455555556,True,False,97.34394377086113,complete
