start_index,start_time,can_tapper_id,start_color,group,V_pre_1_10V,V_min_1_10V,V_at_Iload_1_10V,V_drop_pct,soc_pct_est,V_ocv_1_10V,V_ocv_slope_mV_per_s,n_ocv_samples,ocv_window_start_s,ocv_window_end_s,soc_pct_est_ocv,I_pre_A,I_load_A,delta_I_A,t_load_s,R_internal_est_ohm,R_internal_est_ohm_min_voltage_method,R_internal_est_ohm_from_ocv,R_method,t_min_s,t_recovery_s,tau_relax_s,V_inf_1_10V,relax_fit_r2,n_relax_samples,max_abs_imbalance_pct,mean_abs_imbalance_pct,temp_avg_start_C,I_mean_post_A,I_max_post_A,t_charge_onset_s,n_current_samples_crank,n_current_samples_post,t_before_s,t_after_s,V_rec_1s_1_10V,V_rec_2s_1_10V,V_rec_5s_1_10V,V_rec_10s_1_10V,V_rec_30s_1_10V,V_rec_60s_1_10V,pre_data_duration_s,post_data_duration_s,t_since_previous_start_s,n_voltage_samples,n_current_samples,n_temperature_samples,FILE_NAME_ORIGIN
0,2025-11-05 14:30:06.933344,can_tapper34,"rgb(228,26,28)",PG1_est,128.0,118.0,125.0,7.8125,100.0,127.0,-9.415165042124015,600,-16.99999999999328,-5.019999999991406,100.0,12.0,384.0,372.0,1.010525,0.0008064516129032258,0.002688172043010753,0.0005376344086021505,synchronized_peak_current_voltage_drop,0.8800000000095167,0.020000000000003126,2.565174071178317,141.41558594445632,0.19204346368692726,3957,4.838709677419355,1.412263067809525,11.55,-5.824120603015075,95.0,2.011577,6,199,60.0,120.0,125.0,118.0,125.0,147.0,146.0,144.0,15.014745,78.26405,,1120,226,227,//qar7000185/GP0_UPLOAD/BOXER/CYLOM\KZ-05-62_GNGP-56\2025-11-05\can_tapper34-03-03-08-59-23.pcap.gz
0,2025-11-05 14:30:06.933344,can_tapper34,"rgb(228,26,28)",PG2,126.0,117.0,117.0,7.142857142857142,95.0,127.0,-1.5243097897490965,600,-16.99999999999328,-5.019999999991406,100.0,12.0,384.0,372.0,1.010525,0.0024193548387096775,0.0024193548387096775,0.002688172043010753,synchronized_peak_current_voltage_drop,0.9000000000095199,0.5000000000000782,2.27471676670449,137.17513453226334,0.2552365084398608,3956,2.092050209205021,0.9244825514195929,11.55,-5.824120603015075,95.0,2.011577,6,199,60.0,120.0,117.0,122.0,124.0,139.0,140.0,141.0,15.014745,78.26405,,1120,226,227,//qar7000185/GP0_UPLOAD/BOXER/CYLOM\KZ-05-62_GNGP-56\2025-11-05\can_tapper34-03-03-08-59-23.pcap.gz
0,2025-11-05 14:30:06.933344,can_tapper34,"rgb(228,26,28)",PG3_est,127.0,118.0,118.0,7.086614173228346,100.0,127.0,-1.8472273534095098,600,-16.99999999999328,-5.019999999991406,100.0,12.0,384.0,372.0,1.010525,0.0024193548387096775,0.0024193548387096775,0.0024193548387096775,synchronized_peak_current_voltage_drop,0.9000000000095199,1.0000000000001563,2.27471676670449,139.93374759656984,0.21271096626489394,3958,2.4193548387096775,0.5318710084612277,11.55,-5.824120603015075,95.0,2.011577,6,199,60.0,120.0,118.0,124.0,133.0,143.0,144.0,136.0,15.014745,78.26405,,1120,226,227,//qar7000185/GP0_UPLOAD/BOXER/CYLOM\KZ-05-62_GNGP-56\2025-11-05\can_tapper34-03-03-08-59-23.pcap.gz
0,2025-11-05 14:30:06.933344,can_tapper34,"rgb(228,26,28)",PG4,127.0,118.0,118.0,7.086614173228346,100.0,127.0,-1.8472273534095098,600,-16.99999999999328,-5.019999999991406,100.0,12.0,384.0,372.0,1.010525,0.0024193548387096775,0.0024193548387096775,0.0024193548387096775,synchronized_peak_current_voltage_drop,0.9000000000095199,1.0000000000001563,2.27471676670449,139.93374759656984,0.21271096626489394,3958,2.4193548387096775,0.5318710084612277,11.55,-5.824120603015075,95.0,2.011577,6,199,60.0,120.0,118.0,124.0,133.0,143.0,144.0,136.0,15.014745,78.26405,,1120,226,227,//qar7000185/GP0_UPLOAD/BOXER/CYLOM\KZ-05-62_GNGP-56\2025-11-05\can_tapper34-03-03-08-59-23.pcap.gz
1,2025-11-05 14:32:31.510653,can_tapper34,"rgb(55,126,184)",PG1_est,126.0,109.0,109.0,13.492063492063492,95.0,127.0,1.8127813770939529e-13,478,-14.559999999992897,-5.019999999991406,100.0,11.5,425.0,413.5,0.809023,0.004111245465538089,0.004111245465538089,0.004353083434099154,synchronized_peak_current_voltage_drop,0.8000000000095042,0.5000000000000782,119.99999999999996,111.32807503985276,0.24056445254321168,3543,10.472279260780287,0.6142719541605942,13.15,-10.325581395348838,32.0,2.312557,7,129,60.0,120.0,118.0,123.0,130.0,148.0,147.0,129.0,12.591045,69.695232,144.577309,990,150,194,//qar7000185/GP0_UPLOAD/BOXER/CYLOM\KZ-05-62_GNGP-56\2026-05-01\2022-09-06\can_tapper34-03-03-08-59-23.pcap.gz
1,2025-11-05 14:32:31.510653,can_tapper34,"rgb(55,126,184)",PG2,126.0,117.0,126.0,7.142857142857142,95.0,126.0,2.748315459967655e-13,478,-14.559999999992897,-5.019999999991406,95.0,11.5,425.0,413.5,0.809023,,0.002176541717049577,,synchronized_peak_current_voltage_drop,0.8200000000095073,1.0000000000001563,1.7887444673306678,134.81543033621625,0.19537892963139858,3543,3.490759753593429,0.21712845207414996,13.15,-10.325581395348838,32.0,2.312557,7,129,60.0,120.0,117.0,122.0,131.0,139.0,139.0,128.0,12.591045,69.695232,144.577309,990,150,194,//qar7000185/GP0_UPLOAD/BOXER/CYLOM\KZ-05-62_GNGP-56\2026-05-01\2022-09-06\can_tapper34-03-03-08-59-23.pcap.gz
1,2025-11-05 14:32:31.510653,can_tapper34,"rgb(55,126,184)",PG3_est,126.0,117.0,126.0,7.142857142857142,95.0,127.0,-7.9404019639288945,478,-14.559999999992897,-5.019999999991406,100.0,11.5,425.0,413.5,0.809023,,0.002176541717049577,0.0002418379685610641,synchronized_peak_current_voltage_drop,0.8200000000095073,1.0000000000001563,119.99999999999996,115.96893407810613,0.19225886100696743,3543,3.490759753593429,0.2542418541360056,13.15,-10.325581395348838,32.0,2.312557,7,129,60.0,120.0,117.0,120.0,132.0,143.0,144.0,129.0,12.591045,69.695232,144.577309,990,150,194,//qar7000185/GP0_UPLOAD/BOXER/CYLOM\KZ-05-62_GNGP-56\2026-05-01\2022-09-06\can_tapper34-03-03-08-59-23.pcap.gz
1,2025-11-05 14:32:31.510653,can_tapper34,"rgb(55,126,184)",PG4,126.0,117.0,126.0,7.142857142857142,95.0,127.0,-7.9404019639288945,478,-14.559999999992897,-5.019999999991406,100.0,11.5,425.0,413.5,0.809023,,0.002176541717049577,0.0002418379685610641,synchronized_peak_current_voltage_drop,0.8200000000095073,1.0000000000001563,119.99999999999996,115.96893407810613,0.19225886100696743,3543,3.490759753593429,0.2542418541360056,13.15,-10.325581395348838,32.0,2.312557,7,129,60.0,120.0,117.0,120.0,132.0,143.0,144.0,129.0,12.591045,69.695232,144.577309,990,150,194,//qar7000185/GP0_UPLOAD/BOXER/CYLOM\KZ-05-62_GNGP-56\2026-05-01\2022-09-06\can_tapper34-03-03-08-59-23.pcap.gz
2,2025-11-19 11:38:16.159731,can_tapper34,"rgb(77,175,74)",PG1_est,131.0,118.0,119.0,9.923664122137405,100.0,134.0,-43.19720142097163,1500,-35.019999999991406,-5.019999999991406,100.0,0.0,354.0,354.0,1.212648,0.003389830508474576,0.003672316384180791,0.00423728813559322,synchronized_peak_current_voltage_drop,0.6400000000094792,0.0800000000000125,2.0171482422437275,140.25393147911836,0.1597157994051832,5967,9.54356846473029,2.012194592837365,5.55,-1.0818505338078293,478.0,2.803151,3,281,60.0,120.0,119.0,125.0,144.0,141.0,143.0,142.0,59.948503,119.937497,1199144.649078,2159,412,784,//qar7000185/GP0_UPLOAD/BOXER/CYLOM\KZ-05-62_GNGP-56\2026-05-01\2022-09-06\can_tapper34-03-03-10-59-23.pcap.gz
2,2025-11-19 11:38:16.159731,can_tapper34,"rgb(77,175,74)",PG2,130.0,116.0,119.0,10.76923076923077,100.0,133.0,-66.94122975164744,1500,-35.019999999991406,-5.019999999991406,100.0,0.0,354.0,354.0,1.212648,0.0031073446327683617,0.0039548022598870055,0.0039548022598870055,synchronized_peak_current_voltage_drop,0.7200000000094917,1.0000000000001563,1.5862030873085784,140.19562238132784,0.1772885258312591,5963,7.8838174273858925,1.1880055605317994,5.55,-1.0818505338078293,478.0,2.803151,3,281,60.0,120.0,116.0,125.0,145.0,142.0,142.0,143.0,59.948503,119.937497,1199144.649078,2159,412,784,//qar7000185/GP0_UPLOAD/BOXER/CYLOM\KZ-05-62_GNGP-56\2026-05-01\2022-09-06\can_tapper34-03-03-10-59-23.pcap.gz
2,2025-11-19 11:38:16.159731,can_tapper34,"rgb(77,175,74)",PG3_est,131.0,117.0,120.0,10.687022900763358,100.0,133.0,-61.07537825571401,1500,-35.019999999991406,-5.019999999991406,100.0,0.0,354.0,354.0,1.212648,0.0031073446327683617,0.0039548022598870055,0.003672316384180791,synchronized_peak_current_voltage_drop,0.7000000000094886,1.0000000000001563,1.7887444673306678,141.60585856715795,0.16769681093457067,5964,2.904564315352697,0.6587838641668532,5.55,-1.0818505338078293,478.0,2.803151,3,281,60.0,120.0,117.0,125.0,145.0,142.0,145.0,145.0,59.948503,119.937497,1199144.649078,2159,412,784,//qar7000185/GP0_UPLOAD/BOXER/CYLOM\KZ-05-62_GNGP-56\2026-05-01\2022-09-06\can_tapper34-03-03-10-59-23.pcap.gz
2,2025-11-19 11:38:16.159731,can_tapper34,"rgb(77,175,74)",PG4,131.0,117.0,120.0,10.687022900763358,100.0,133.0,-61.07537825571401,1500,-35.019999999991406,-5.019999999991406,100.0,0.0,354.0,354.0,1.212648,0.0031073446327683617,0.0039548022598870055,0.003672316384180791,synchronized_peak_current_voltage_drop,0.7000000000094886,1.0000000000001563,1.7887444673306678,141.60585856715795,0.16769681093457067,5964,2.904564315352697,0.6587838641668532,5.55,-1.0818505338078293,478.0,2.803151,3,281,60.0,120.0,117.0,125.0,145.0,142.0,145.0,145.0,59.948503,119.937497,1199144.649078,2159,412,784,//qar7000185/GP0_UPLOAD/BOXER/CYLOM\KZ-05-62_GNGP-56\2026-05-01\2022-09-06\can_tapper34-03-03-10-59-23.pcap.gz
3,2025-11-19 11:40:04.718882,can_tapper34,"rgb(152,78,163)",PG1_est,130.0,115.0,115.0,11.538461538461538,100.0,141.5,-54.49697533198046,1500,-35.019999999991406,-5.019999999991406,100.0,15.0,478.0,463.0,0.91849,0.0032397408207343412,0.0032397408207343412,0.005723542116630669,synchronized_peak_current_voltage_drop,0.9000000000095199,1.0000000000001563,13.796534727134544,126.48512355393268,0.2478007981420839,5954,7.6305220883534135,1.5835838029499778,5.65,51.18779342723005,490.0,2.013322,7,213,60.0,120.0,120.0,126.0,144.0,141.0,116.0,127.0,59.979075,119.902523,108.559151,2120,355,465,//qar7000185/GP0_UPLOAD/BOXER/CYLOM\KZ-05-62_GNGP-56\2026-05-01\2022-09-06\can_tapper34-03-03-10-59-23.pcap.gz
3,2025-11-19 11:40:04.718882,can_tapper34,"rgb(152,78,163)",PG2,130.0,118.0,123.0,9.230769230769232,100.0,141.5,-59.25773300342774,1500,-35.019999999991406,-5.019999999991406,100.0,15.0,478.0,463.0,0.91849,0.001511879049676026,0.002591792656587473,0.003995680345572354,synchronized_peak_current_voltage_drop,1.0000000000095355,1.0000000000001563,15.558206486264643,125.48998244570761,0.29123236286153187,5949,4.280155642023346,1.1476329936437917,5.65,51.18779342723005,490.0,2.013322,7,213,60.0,120.0,118.0,124.0,145.0,143.0,115.0,126.0,59.979075,119.902523,108.559151,2120,355,465,//qar7000185/GP0_UPLOAD/BOXER/CYLOM\KZ-05-62_GNGP-56\2026-05-01\2022-09-06\can_tapper34-03-03-10-59-23.pcap.gz
3,2025-11-19 11:40:04.718882,can_tapper34,"rgb(152,78,163)",PG3_est,130.0,117.0,130.0,10.0,100.0,144.0,-67.56392336173303,1500,-35.019999999991406,-5.019999999991406,100.0,15.0,478.0,463.0,0.91849,,0.0028077753779697625,0.003023758099352052,synchronized_peak_current_voltage_drop,0.9400000000095261,1.0000000000001563,13.796534727134544,126.1413705355505,0.26362881186279485,5952,4.417670682730924,0.7449629182222921,5.65,51.18779342723005,490.0,2.013322,7,213,60.0,120.0,117.0,125.0,145.0,142.0,116.0,127.0,59.979075,119.902523,108.559151,2120,355,465,//qar7000185/GP0_UPLOAD/BOXER/CYLOM\KZ-05-62_GNGP-56\2026-05-01\2022-09-06\can_tapper34-03-03-10-59-23.pcap.gz
3,2025-11-19 11:40:04.718882,can_tapper34,"rgb(152,78,163)",PG4,130.0,117.0,130.0,10.0,100.0,144.0,-67.56392336173303,1500,-35.019999999991406,-5.019999999991406,100.0,15.0,478.0,463.0,0.91849,,0.0028077753779697625,0.003023758099352052,synchronized_peak_current_voltage_drop,0.9400000000095261,1.0000000000001563,13.796534727134544,126.1413705355505,0.26362881186279485,5952,4.417670682730924,0.7449629182222921,5.65,51.18779342723005,490.0,2.013322,7,213,60.0,120.0,117.0,125.0,145.0,142.0,116.0,127.0,59.979075,119.902523,108.559151,2120,355,465,//qar7000185/GP0_UPLOAD/BOXER/CYLOM\KZ-05-62_GNGP-56\2026-05-01\2022-09-06\can_tapper34-03-03-10-59-23.pcap.gz
4,2025-11-19 11:49:46.547048,can_tapper34,"rgb(255,127,0)",PG1_est,127.0,110.0,110.0,13.385826771653544,100.0,128.0,-3.2870947942634112,1500,-35.019999999991406,-5.019999999991406,100.0,0.0,490.0,490.0,1.04677,0.0034693877551020408,0.0034693877551020408,0.0036734693877551023,synchronized_peak_current_voltage_drop,0.4200000000094448,0.04000000000000625,3.2620894576029285,141.6829682061874,0.8477428225897531,5978,10.204081632653061,2.275939415831953,7.4,-14.583061889250814,17.0,2.053208,7,307,60.0,120.0,110.0,120.0,125.0,141.0,142.0,142.0,59.970756,119.863725,581.828166,2160,426,604,//qar7000185/GP0_UPLOAD/BOXER/CYLOM\KZ-05-62_GNGP-56\2026-05-01\2022-09-06\can_tapper34-03-03-08-59-24.pcap.gz
4,2025-11-19 11:49:46.547048,can_tapper34,"rgb(255,127,0)",PG2,126.0,108.0,116.0,14.285714285714285,95.0,127.0,-7.426181078301744,1500,-35.019999999991406,-5.019999999991406,100.0,0.0,490.0,490.0,1.04677,0.0020408163265306124,0.0036734693877551023,0.0022448979591836735,synchronized_peak_current_voltage_drop,0.46000000000945107,1.5000000000002345,2.892719705486028,144.38089590920185,0.8950707920478719,5976,10.37344398340249,2.66426502522791,7.4,-14.583061889250814,17.0,2.053208,7,307,60.0,120.0,116.0,123.0,125.0,145.0,145.0,144.0,59.970756,119.863725,581.828166,2160,426,604,//qar7000185/GP0_UPLOAD/BOXER/CYLOM\KZ-05-62_GNGP-56\2026-05-01\2022-09-06\can_tapper34-03-03-08-59-24.pcap.gz
4,2025-11-19 11:49:46.547048,can_tapper34,"rgb(255,127,0)",PG3_est,126.0,115.0,115.0,8.73015873015873,95.0,127.0,-4.79544213130668,1500,-35.019999999991406,-5.019999999991406,100.0,0.0,490.0,490.0,1.04677,0.0022448979591836735,0.0022448979591836735,0.0024489795918367346,synchronized_peak_current_voltage_drop,0.9400000000095261,1.0000000000001563,2.565174071178317,141.8961267643495,0.851970403127414,5952,5.806451612903226,1.3537348367541944,7.4,-14.583061889250814,17.0,2.053208,7,307,60.0,120.0,115.0,124.0,132.0,143.0,142.0,141.0,59.970756,119.863725,581.828166,2160,426,604,//qar7000185/GP0_UPLOAD/BOXER/CYLOM\KZ-05-62_GNGP-56\2026-05-01\2022-09-06\can_tapper34-03-03-08-59-24.pcap.gz
4,2025-11-19 11:49:46.547048,can_tapper34,"rgb(255,127,0)",PG4,126.0,115.0,115.0,8.73015873015873,95.0,127.0,-4.79544213130668,1500,-35.019999999991406,-5.019999999991406,100.0,0.0,490.0,490.0,1.04677,0.0022448979591836735,0.0022448979591836735,0.0024489795918367346,synchronized_peak_current_voltage_drop,0.9400000000095261,1.0000000000001563,2.565174071178317,141.8961267643495,0.851970403127414,5952,5.806451612903226,1.3537348367541944,7.4,-14.583061889250814,17.0,2.053208,7,307,60.0,120.0,115.0,124.0,132.0,143.0,142.0,141.0,59.970756,119.863725,581.828166,2160,426,604,//qar7000185/GP0_UPLOAD/BOXER/CYLOM\KZ-05-62_GNGP-56\2026-05-01\2022-09-06\can_tapper34-03-03-08-59-24.pcap.gz
5,2025-11-19 12:10:20.438468,can_tapper34,"rgb(255,255,51)",PG1_est,127.0,116.0,117.0,8.661417322834646,100.0,130.0,-30.218786763900546,1500,-35.019999999991406,-5.019999999991406,100.0,0.0,306.0,306.0,1.466638,0.0032679738562091504,0.0035947712418300656,0.004248366013071896,synchronized_peak_current_voltage_drop,0.5600000000094667,1.5000000000002345,2.27471676670449,141.97466791280482,0.8460112307956928,5971,5.112474437627812,1.7719446851134264,6.091666666666667,-12.180272108843537,101.0,2.061377,4,294,60.0,120.0,116.0,119.0,144.0,142.0,141.0,141.0,59.884975,119.995582,1233.89142,2160,437,927,//qar7000185/GP0_UPLOAD/BOXER/CYLOM\KZ-05-62_GNGP-56\2026-05-01\2022-09-06\can_tapper34-03-03-08-59-24.pcap.gz
5,2025-11-19 12:10:20.438468,can_tapper34,"rgb(255,255,51)",PG2,126.0,115.0,115.0,8.73015873015873,95.0,129.0,-40.93368041496198,1500,-35.019999999991406,-5.019999999991406,100.0,0.0,306.0,306.0,1.466638,0.0035947712418300656,0.0035947712418300656,0.00457516339869281,synchronized_peak_current_voltage_drop,1.0600000000095449,1.0000000000001563,2.0171482422437275,143.95916846417836,0.8350379777107744,5946,1.4613778705636744,0.7396287630587076,6.091666666666667,-12.180272108843537,101.0,2.061377,4,294,60.0,120.0,121.0,118.0,144.0,145.0,144.0,144.0,59.884975,119.995582,1233.89142,2160,437,927,//qar7000185/GP0_UPLOAD/BOXER/CYLOM\KZ-05-62_GNGP-56\2026-05-01\2022-09-06\can_tapper34-03-03-08-59-24.pcap.gz
5,2025-11-19 12:10:20.438468,can_tapper34,"rgb(255,255,51)",PG3_est,126.0,116.0,117.0,7.936507936507936,95.0,130.0,-33.97612176715951,1500,-35.019999999991406,-5.019999999991406,100.0,0.0,306.0,306.0,1.466638,0.0029411764705882353,0.0032679738562091504,0.004248366013071896,synchronized_peak_current_voltage_drop,1.0600000000095449,0.7600000000001188,2.27471676670449,144.64070010838785,0.8161206379068124,5946,3.067484662576687,0.9097675382518066,6.091666666666667,-12.180272108843537,101.0,2.061377,4,294,60.0,120.0,121.0,121.0,144.0,143.0,144.0,145.0,59.884975,119.995582,1233.89142,2160,437,927,//qar7000185/GP0_UPLOAD/BOXER/CYLOM\KZ-05-62_GNGP-56\2026-05-01\2022-09-06\can_tapper34-03-03-08-59-24.pcap.gz
5,2025-11-19 12:10:20.438468,can_tapper34,"rgb(255,255,51)",PG4,126.0,116.0,117.0,7.936507936507936,95.0,130.0,-33.97612176715951,1500,-35.019999999991406,-5.019999999991406,100.0,0.0,306.0,306.0,1.466638,0.0029411764705882353,0.0032679738562091504,0.004248366013071896,synchronized_peak_current_voltage_drop,1.0600000000095449,0.7600000000001188,2.27471676670449,144.64070010838785,0.8161206379068124,5946,3.067484662576687,0.9097675382518066,6.091666666666667,-12.180272108843537,101.0,2.061377,4,294,60.0,120.0,121.0,121.0,144.0,143.0,144.0,145.0,59.884975,119.995582,1233.89142,2160,437,927,//qar7000185/GP0_UPLOAD/BOXER/CYLOM\KZ-05-62_GNGP-56\2026-05-01\2022-09-06\can_tapper34-03-03-08-59-24.pcap.gz
6,2026-02-24 14:02:06.668734,can_tapper34,"rgb(166,86,40)",PG1_est,123.0,114.0,118.0,7.317073170731707,68.33333333333339,124.0,2.9840457706862686,1500,-35.019999999991406,-5.019999999991406,78.00000000000004,12.0,289.0,277.0,1.387586,0.0018050541516245488,0.003249097472924188,0.0021660649819494585,synchronized_peak_current_voltage_drop,0.8400000000095105,0.0800000000000125,2.27471676670449,149.7625462103846,0.7924031452789402,5957,6.086956521739131,1.701149183719254,9.308333333333334,-28.292207792207794,13.0,2.581486,5,308,60.0,120.0,122.0,117.0,148.0,150.0,150.0,149.0,59.98197,119.88308,8387506.230266,2158,417,620,//qar7000185/GP0_UPLOAD/BOXER/CYLOM\KZ-05-62_GNGP-56\2026-05-01\2022-09-06\can_tapper34-03-03-11-59-23.pcap.gz
6,2026-02-24 14:02:06.668734,can_tapper34,"rgb(166,86,40)",PG2,123.0,112.0,112.0,8.94308943089431,68.33333333333339,123.0,1.5292362352159532,1500,-35.019999999991406,-5.019999999991406,68.33333333333339,12.0,289.0,277.0,1.387586,0.003971119133574007,0.003971119133574007,0.003971119133574007,synchronized_peak_current_voltage_drop,0.920000000009523,1.0000000000001563,1.5862030873085784,135.9398319089289,0.7423629724079746,5953,2.608695652173913,1.1579196983086038,9.308333333333334,-28.292207792207794,13.0,2.581486,5,308,60.0,120.0,112.0,120.0,141.0,134.0,136.0,136.0,59.98197,119.88308,8387506.230266,2158,417,620,//qar7000185/GP0_UPLOAD/BOXER/CYLOM\KZ-05-62_GNGP-56\2026-05-01\2022-09-06\can_tapper34-03-03-11-59-23.pcap.gz
6,2026-02-24 14:02:06.668734,can_tapper34,"rgb(166,86,40)",PG3_est,123.0,113.0,113.0,8.130081300813007,68.33333333333339,124.0,4.854002157333609,1500,-35.019999999991406,-5.019999999991406,78.00000000000004,12.0,289.0,277.0,1.387586,0.0036101083032490976,0.0036101083032490976,0.003971119133574007,synchronized_peak_current_voltage_drop,0.920000000009523,1.0000000000001563,2.0171482422437275,144.3707506965201,0.8298558711051667,5953,1.7391304347826086,0.5375992137902412,9.308333333333334,-28.292207792207794,13.0,2.581486,5,308,60.0,120.0,113.0,121.0,147.0,144.0,144.0,144.0,59.98197,119.88308,8387506.230266,2158,417,620,//qar7000185/GP0_UPLOAD/BOXER/CYLOM\KZ-05-62_GNGP-56\2026-05-01\2022-09-06\can_tapper34-03-03-11-59-23.pcap.gz
6,2026-02-24 14:02:06.668734,can_tapper34,"rgb(166,86,40)",PG4,123.0,113.0,113.0,8.130081300813007,68.33333333333339,124.0,4.854002157333609,1500,-35.019999999991406,-5.019999999991406,78.00000000000004,12.0,289.0,277.0,1.387586,0.0036101083032490976,0.0036101083032490976,0.003971119133574007,synchronized_peak_current_voltage_drop,0.920000000009523,1.0000000000001563,2.0171482422437275,144.3707506965201,0.8298558711051667,5953,1.7391304347826086,0.5375992137902412,9.308333333333334,-28.292207792207794,13.0,2.581486,5,308,60.0,120.0,113.0,121.0,147.0,144.0,144.0,144.0,59.98197,119.88308,8387506.230266,2158,417,620,//qar7000185/GP0_UPLOAD/BOXER/CYLOM\KZ-05-62_GNGP-56\2026-05-01\2022-09-06\can_tapper34-03-03-11-59-23.pcap.gz
7,2026-02-26 08:34:08.670642,can_tapper34,"rgb(247,129,191)",PG1_est,125.0,114.0,117.0,8.799999999999999,90.0,125.0,-3.8246150331613973,1500,-35.019999999991406,-5.019999999991406,90.0,0.0,361.0,361.0,1.166802,0.00221606648199446,0.0030470914127423824,0.00221606648199446,synchronized_peak_current_voltage_drop,0.600000000009473,0.12000000000001876,2.892719705486028,149.9128984991834,0.8469759062996548,5969,8.932461873638344,1.9971159911412246,11.05,-22.6742671009772,138.0,2.26395,5,307,60.0,120.0,114.0,118.0,147.0,151.0,151.0,151.0,59.935869,119.920156,153122.001908,2159,367,683,//qar7000185/GP0_UPLOAD/BOXER/CYLOM\KZ-05-62_GNGP-56\2026-05-01\2022-09-06\can_tapper34-03-03-09-59-24.pcap.gz
7,2026-02-26 08:34:08.670642,can_tapper34,"rgb(247,129,191)",PG2,123.0,112.0,112.0,8.94308943089431,68.33333333333339,124.0,-2.573930032857468,1500,-35.019999999991406,-5.019999999991406,78.00000000000004,0.0,361.0,361.0,1.166802,0.0030470914127423824,0.0030470914127423824,0.0033240997229916896,synchronized_peak_current_voltage_drop,0.7200000000094917,1.0000000000001563,1.5862030873085784,135.6634417824148,0.6889830903891075,5963,5.2854122621564485,0.9108562323056725,11.05,-22.6742671009772,138.0,2.26395,5,307,60.0,120.0,112.0,117.0,142.0,136.0,134.0,135.0,59.935869,119.920156,153122.001908,2159,367,683,//qar7000185/GP0_UPLOAD/BOXER/CYLOM\KZ-05-62_GNGP-56\2026-05-01\2022-09-06\can_tapper34-03-03-09-59-24.pcap.gz
7,2026-02-26 08:34:08.670642,can_tapper34,"rgb(247,129,191)",PG3_est,124.0,111.0,111.0,10.483870967741936,78.00000000000004,125.0,-2.0211031204900696,1500,-35.019999999991406,-5.019999999991406,90.0,0.0,361.0,361.0,1.166802,0.003601108033240997,0.003601108033240997,0.0038781163434903044,synchronized_peak_current_voltage_drop,0.7400000000094948,1.5000000000002345,2.27471676670449,143.13738988101153,0.8886598387115707,5962,3.2679738562091503,0.696249755752304,11.05,-22.6742671009772,138.0,2.26395,5,307,60.0,120.0,111.0,117.0,145.0,143.0,143.0,143.0,59.935869,119.920156,153122.001908,2159,367,683,//qar7000185/GP0_UPLOAD/BOXER/CYLOM\KZ-05-62_GNGP-56\2026-05-01\2022-09-06\can_tapper34-03-03-09-59-24.pcap.gz
7,2026-02-26 08:34:08.670642,can_tapper34,"rgb(247,129,191)",PG4,124.0,111.0,111.0,10.483870967741936,78.00000000000004,125.0,-2.0211031204900696,1500,-35.019999999991406,-5.019999999991406,90.0,0.0,361.0,361.0,1.166802,0.003601108033240997,0.003601108033240997,0.0038781163434903044,synchronized_peak_current_voltage_drop,0.7400000000094948,1.5000000000002345,2.27471676670449,143.13738988101153,0.8886598387115707,5962,3.2679738562091503,0.696249755752304,11.05,-22.6742671009772,138.0,2.26395,5,307,60.0,120.0,111.0,117.0,145.0,143.0,143.0,143.0,59.935869,119.920156,153122.001908,2159,367,683,//qar7000185/GP0_UPLOAD/BOXER/CYLOM\KZ-05-62_GNGP-56\2026-05-01\2022-09-06\can_tapper34-03-03-09-59-24.pcap.gz
8,2026-03-03 14:45:52.009706,can_tapper34,"rgb(153,153,153)",PG1_est,126.0,114.0,117.0,9.523809523809524,95.0,127.0,-0.27403567734864837,1500,-35.019999999991406,-5.019999999991406,100.0,19.0,281.0,262.0,1.423504,0.003435114503816794,0.004580152671755725,0.003816793893129771,synchronized_peak_current_voltage_drop,1.4600000000096074,0.0800000000000125,1.406595676542853,140.0554337622468,0.6107283687392742,5926,5.349794238683128,1.335372385090001,12.066666666666666,-24.344594594594593,21.0,2.019805,4,296,60.0,120.0,121.0,115.0,144.0,140.0,140.0,141.0,59.985516,119.98998,454303.339064,2160,402,631,//qar7000185/GP0_UPLOAD/BOXER/CYLOM\KZ-05-62_GNGP-56\2026-05-01\2022-09-06\can_tapper34-03-03-12-59-23.pcap.gz
8,2026-03-03 14:45:52.009706,can_tapper34,"rgb(153,153,153)",PG2,125.0,115.0,115.0,8.0,90.0,126.0,-0.8068892475060581,1500,-35.019999999991406,-5.019999999991406,95.0,19.0,281.0,262.0,1.423504,0.003816793893129771,0.003816793893129771,0.004198473282442748,synchronized_peak_current_voltage_drop,0.9600000000095292,1.0000000000001563,2.27471676670449,145.862463177266,0.8398395537400314,5951,2.880658436213992,1.0771979297576595,12.066666666666666,-24.344594594594593,21.0,2.019805,4,296,60.0,120.0,115.0,123.0,145.0,144.0,145.0,145.0,59.985516,119.98998,454303.339064,2160,402,631,//qar7000185/GP0_UPLOAD/BOXER/CYLOM\KZ-05-62_GNGP-56\2026-05-01\2022-09-06\can_tapper34-03-03-12-59-23.pcap.gz
8,2026-03-03 14:45:52.009706,can_tapper34,"rgb(153,153,153)",PG3_est,126.0,117.0,119.0,7.142857142857142,95.0,127.0,-1.6860985271545024,1500,-35.019999999991406,-5.019999999991406,100.0,19.0,281.0,262.0,1.423504,0.0026717557251908397,0.003435114503816794,0.0030534351145038168,synchronized_peak_current_voltage_drop,0.9000000000095199,1.0000000000001563,2.27471676670449,142.67086321880012,0.6352435178985414,5954,2.074688796680498,0.6720344480541024,12.066666666666666,-24.344594594594593,21.0,2.019805,4,296,60.0,120.0,117.0,124.0,143.0,139.0,140.0,143.0,59.985516,119.98998,454303.339064,2160,402,631,//qar7000185/GP0_UPLOAD/BOXER/CYLOM\KZ-05-62_GNGP-56\2026-05-01\2022-09-06\can_tapper34-03-03-12-59-23.pcap.gz
8,2026-03-03 14:45:52.009706,can_tapper34,"rgb(153,153,153)",PG4,126.0,117.0,119.0,7.142857142857142,95.0,127.0,-1.6860985271545024,1500,-35.019999999991406,-5.019999999991406,100.0,19.0,281.0,262.0,1.423504,0.0026717557251908397,0.003435114503816794,0.0030534351145038168,synchronized_peak_current_voltage_drop,0.9000000000095199,1.0000000000001563,2.27471676670449,142.67086321880012,0.6352435178985414,5954,2.074688796680498,0.6720344480541024,12.066666666666666,-24.344594594594593,21.0,2.019805,4,296,60.0,120.0,117.0,124.0,143.0,139.0,140.0,143.0,59.985516,119.98998,454303.339064,2160,402,631,//qar7000185/GP0_UPLOAD/BOXER/CYLOM\KZ-05-62_GNGP-56\2026-05-01\2022-09-06\can_tapper34-03-03-12-59-23.pcap.gz
9,2026-03-06 13:30:03.486558,can_tapper34,"rgb(228,26,28)",PG1_est,126.0,112.0,121.0,11.11111111111111,95.0,126.0,1.0344626819836082,1500,-35.019999999991406,-5.019999999991406,95.0,9.0,259.0,250.0,1.574283,0.002,0.0056,0.002,synchronized_peak_current_voltage_drop,1.0600000000095449,0.5000000000000782,1.5862030873085784,142.1377809186016,0.7615743120265186,5946,4.273504273504273,1.518816508988458,14.933333333333332,-24.320284697508896,135.0,2.06845,3,281,60.0,120.0,121.0,119.0,144.0,143.0,143.0,142.0,59.968426,119.870773,254651.476852,2158,418,522,//qar7000185/GP0_UPLOAD/BOXER/CYLOM\KZ-05-62_GNGP-56\2026-05-01\2022-09-06\can_tapper34-03-03-14-59-23.pcap.gz
9,2026-03-06 13:30:03.486558,can_tapper34,"rgb(228,26,28)",PG2,125.0,114.0,116.0,8.799999999999999,90.0,126.0,-1.2706850091927508,1500,-35.019999999991406,-5.019999999991406,95.0,9.0,259.0,250.0,1.574283,0.0036,0.0044,0.004,synchronized_peak_current_voltage_drop,1.1600000000095605,1.0200000000001594,2.0171482422437275,143.50952666454128,0.7937754521762442,5941,2.608695652173913,0.796143050965162,14.933333333333332,-24.320284697508896,135.0,2.06845,3,281,60.0,120.0,118.0,118.0,144.0,141.0,142.0,143.0,59.968426,119.870773,254651.476852,2158,418,522,//qar7000185/GP0_UPLOAD/BOXER/CYLOM\KZ-05-62_GNGP-56\2026-05-01\2022-09-06\can_tapper34-03-03-14-59-23.pcap.gz
9,2026-03-06 13:30:03.486558,can_tapper34,"rgb(228,26,28)",PG3_est,126.0,115.0,117.0,8.73015873015873,95.0,126.0,2.9232752156300525e-13,1500,-35.019999999991406,-5.019999999991406,95.0,9.0,259.0,250.0,1.574283,0.0036,0.0044,0.0036,synchronized_peak_current_voltage_drop,1.1200000000095542,0.7600000000001188,1.7887444673306678,140.57027876991486,0.7574263202222037,5943,1.7094017094017093,0.5876366439848877,14.933333333333332,-24.320284697508896,135.0,2.06845,3,281,60.0,120.0,119.0,121.0,142.0,139.0,139.0,140.0,59.968426,119.870773,254651.476852,2158,418,522,//qar7000185/GP0_UPLOAD/BOXER/CYLOM\KZ-05-62_GNGP-56\2026-05-01\2022-09-06\can_tapper34-03-03-14-59-23.pcap.gz
9,2026-03-06 13:30:03.486558,can_tapper34,"rgb(228,26,28)",PG4,126.0,115.0,117.0,8.73015873015873,95.0,126.0,2.9232752156300525e-13,1500,-35.019999999991406,-5.019999999991406,95.0,9.0,259.0,250.0,1.574283,0.0036,0.0044,0.0036,synchronized_peak_current_voltage_drop,1.1200000000095542,0.7600000000001188,1.7887444673306678,140.57027876991486,0.7574263202222037,5943,1.7094017094017093,0.5876366439848877,14.933333333333332,-24.320284697508896,135.0,2.06845,3,281,60.0,120.0,119.0,121.0,142.0,139.0,139.0,140.0,59.968426,119.870773,254651.476852,2158,418,522,//qar7000185/GP0_UPLOAD/BOXER/CYLOM\KZ-05-62_GNGP-56\2026-05-01\2022-09-06\can_tapper34-03-03-14-59-23.pcap.gz
10,2026-03-06 14:39:28.138702,can_tapper34,"rgb(55,126,184)",PG1_est,125.0,109.0,112.0,12.8,90.0,126.0,-0.3127823612362818,1500,-35.019999999991406,-5.019999999991406,95.0,12.0,499.0,487.0,0.638689,0.0026694045174537988,0.003285420944558522,0.002874743326488706,synchronized_peak_current_voltage_drop,1.1000000000095511,1.0400000000001626,1.7887444673306678,142.82001547977993,0.7518425710003731,5944,17.34475374732334,1.2938823969069575,16.21666666666667,-26.24,138.0,2.043549,6,275,60.0,120.0,112.0,118.0,144.0,143.0,143.0,143.0,59.863823,119.979426,4164.652144,2158,333,625,//qar7000185/GP0_UPLOAD/BOXER/CYLOM\KZ-05-62_GNGP-56\2026-05-01\2022-09-06\can_tapper34-03-03-16-59-23.pcap.gz
10,2026-03-06 14:39:28.138702,can_tapper34,"rgb(55,126,184)",PG2,124.0,112.0,112.0,9.67741935483871,78.00000000000004,125.0,-0.7088980928431623,1500,-35.019999999991406,-5.019999999991406,90.0,12.0,499.0,487.0,0.638689,0.002464065708418891,0.002464065708418891,0.0026694045174537988,synchronized_peak_current_voltage_drop,0.600000000009473,1.5000000000002345,2.565174071178317,142.547123778702,0.8867036094475083,5969,6.209850107066381,0.8944878791919456,16.21666666666667,-26.24,138.0,2.043549,6,275,60.0,120.0,112.0,117.0,142.0,139.0,142.0,142.0,59.863823,119.979426,4164.652144,2158,333,625,//qar7000185/GP0_UPLOAD/BOXER/CYLOM\KZ-05-62_GNGP-56\2026-05-01\2022-09-06\can_tapper34-03-03-16-59-23.pcap.gz
10,2026-03-06 14:39:28.138702,can_tapper34,"rgb(55,126,184)",PG3_est,125.0,109.0,109.0,12.8,90.0,126.0,-1.0809249248553283,1500,-35.019999999991406,-5.019999999991406,95.0,12.0,499.0,487.0,0.638689,0.003285420944558522,0.003285420944558522,0.003490759753593429,synchronized_peak_current_voltage_drop,0.5400000000094636,1.5000000000002345,2.27471676670449,140.09074509211692,0.870211762858593,5972,6.638115631691649,0.8376080492135526,16.21666666666667,-26.24,138.0,2.043549,6,275,60.0,120.0,109.0,117.0,141.0,138.0,139.0,140.0,59.863823,119.979426,4164.652144,2158,333,625,//qar7000185/GP0_UPLOAD/BOXER/CYLOM\KZ-05-62_GNGP-56\2026-05-01\2022-09-06\can_tapper34-03-03-16-59-23.pcap.gz
10,2026-03-06 14:39:28.138702,can_tapper34,"rgb(55,126,184)",PG4,125.0,109.0,109.0,12.8,90.0,126.0,-1.0809249248553283,1500,-35.019999999991406,-5.019999999991406,95.0,12.0,499.0,487.0,0.638689,0.003285420944558522,0.003285420944558522,0.003490759753593429,synchronized_peak_current_voltage_drop,0.5400000000094636,1.5000000000002345,2.27471676670449,140.09074509211692,0.870211762858593,5972,6.638115631691649,0.8376080492135526,16.21666666666667,-26.24,138.0,2.043549,6,275,60.0,120.0,109.0,117.0,141.0,138.0,139.0,140.0,59.863823,119.979426,4164.652144,2158,333,625,//qar7000185/GP0_UPLOAD/BOXER/CYLOM\KZ-05-62_GNGP-56\2026-05-01\2022-09-06\can_tapper34-03-03-16-59-23.pcap.gz
11,2026-03-06 15:00:06.074121,can_tapper34,"rgb(77,175,74)",PG1_est,125.0,102.0,119.0,18.4,90.0,127.0,-4.150001844444364,1500,-35.019999999991406,-5.019999999991406,100.0,11.0,299.0,288.0,1.019075,0.0020833333333333333,0.00798611111111111,0.002777777777777778,synchronized_peak_current_voltage_drop,0.5000000000094573,0.5000000000000782,1.7887444673306678,140.93199324586428,0.6193387034689206,5974,12.633832976445396,1.1708679982320565,16.55,-24.020689655172415,10.0,2.113994,5,290,60.0,120.0,123.0,124.0,144.0,143.0,143.0,141.0,59.890101,119.924824,1237.935419,2158,321,498,//qar7000185/GP0_UPLOAD/BOXER/CYLOM\KZ-05-62_GNGP-56\2026-05-01\2022-09-06\can_tapper34-03-03-16-59-23.pcap.gz
11,2026-03-06 15:00:06.074121,can_tapper34,"rgb(77,175,74)",PG2,125.0,113.0,117.0,9.6,90.0,126.0,-1.0927204856532697,1500,-35.019999999991406,-5.019999999991406,95.0,11.0,299.0,288.0,1.019075,0.002777777777777778,0.004166666666666667,0.003125,synchronized_peak_current_voltage_drop,0.5200000000094605,1.0000000000001563,2.27471676670449,144.21447068616712,0.812075475768796,5973,7.0663811563169165,0.7914139281170739,16.55,-24.020689655172415,10.0,2.113994,5,290,60.0,120.0,113.0,122.0,145.0,140.0,144.0,144.0,59.890101,119.924824,1237.935419,2158,321,498,//qar7000185/GP0_UPLOAD/BOXER/CYLOM\KZ-05-62_GNGP-56\2026-05-01\2022-09-06\can_tapper34-03-03-16-59-23.pcap.gz
11,2026-03-06 15:00:06.074121,can_tapper34,"rgb(77,175,74)",PG3_est,126.0,113.0,113.0,10.317460317460316,95.0,126.0,-2.6879300835238564,1500,-35.019999999991406,-5.019999999991406,95.0,11.0,299.0,288.0,1.019075,0.004513888888888889,0.004513888888888889,0.004513888888888889,synchronized_peak_current_voltage_drop,0.5600000000094667,1.0000000000001563,2.0171482422437275,141.48630247470467,0.7875375790117348,5971,2.78372591006424,0.5519884549506695,16.55,-24.020689655172415,10.0,2.113994,5,290,60.0,120.0,113.0,122.0,142.0,139.0,140.0,141.0,59.890101,119.924824,1237.935419,2158,321,498,//qar7000185/GP0_UPLOAD/BOXER/CYLOM\KZ-05-62_GNGP-56\2026-05-01\2022-09-06\can_tapper34-03-03-16-59-23.pcap.gz
11,2026-03-06 15:00:06.074121,can_tapper34,"rgb(77,175,74)",PG4,126.0,113.0,113.0,10.317460317460316,95.0,126.0,-2.6879300835238564,1500,-35.019999999991406,-5.019999999991406,95.0,11.0,299.0,288.0,1.019075,0.004513888888888889,0.004513888888888889,0.004513888888888889,synchronized_peak_current_voltage_drop,0.5600000000094667,1.0000000000001563,2.0171482422437275,141.48630247470467,0.7875375790117348,5971,2.78372591006424,0.5519884549506695,16.55,-24.020689655172415,10.0,2.113994,5,290,60.0,120.0,113.0,122.0,142.0,139.0,140.0,141.0,59.890101,119.924824,1237.935419,2158,321,498,//qar7000185/GP0_UPLOAD/BOXER/CYLOM\KZ-05-62_GNGP-56\2026-05-01\2022-09-06\can_tapper34-03-03-16-59-23.pcap.gz
12,2026-03-17 14:10:01.258615,can_tapper34,"rgb(152,78,163)",PG1_est,125.0,104.0,109.0,16.8,90.0,125.0,-6.089700484310044,1500,-35.019999999991406,-5.019999999991406,90.0,9.0,313.0,304.0,0.464585,0.005263157894736842,0.006907894736842106,0.005263157894736842,synchronized_peak_current_voltage_drop,0.8800000000095167,1.0800000000001688,119.99999999999996,121.2981281397756,0.44114281150898926,5955,13.46938775510204,2.6276056515456117,11.525,-31.604395604395606,22.0,2.463478,5,182,60.0,120.0,115.0,123.0,145.0,144.0,142.0,133.0,59.950911,119.852452,947395.184494,2158,268,439,//qar7000185/GP0_UPLOAD/BOXER/CYLOM\KZ-05-62_GNGP-56\2026-05-01\2022-09-06\can_tapper34-03-03-11-59-24.pcap.gz
12,2026-03-17 14:10:01.258615,can_tapper34,"rgb(152,78,163)",PG2,123.0,109.0,109.0,11.38211382113821,68.33333333333339,124.0,-3.1093347152592243,1500,-35.019999999991406,-5.019999999991406,78.00000000000004,9.0,313.0,304.0,0.464585,0.004605263157894736,0.004605263157894736,0.004934210526315789,synchronized_peak_current_voltage_drop,0.38000000000943857,1.5000000000002345,119.99999999999996,119.67052841650253,0.3679310314328741,5980,11.020408163265307,2.1531069162709673,11.525,-31.604395604395606,22.0,2.463478,5,182,60.0,120.0,114.0,121.0,144.0,143.0,144.0,133.0,59.950911,119.852452,947395.184494,2158,268,439,//qar7000185/GP0_UPLOAD/BOXER/CYLOM\KZ-05-62_GNGP-56\2026-05-01\2022-09-06\can_tapper34-03-03-11-59-24.pcap.gz
12,2026-03-17 14:10:01.258615,can_tapper34,"rgb(152,78,163)",PG3_est,124.0,115.0,121.0,7.258064516129033,78.00000000000004,125.0,-3.435014860006057,1500,-35.019999999991406,-5.019999999991406,90.0,9.0,313.0,304.0,0.464585,0.000986842105263158,0.0029605263157894738,0.0013157894736842105,synchronized_peak_current_voltage_drop,0.8800000000095167,1.0000000000001563,119.99999999999996,122.16466809336714,0.4018858545311017,5955,5.217391304347826,1.424404809524222,11.525,-31.604395604395606,22.0,2.463478,5,182,60.0,120.0,115.0,122.0,143.0,142.0,141.0,133.0,59.950911,119.852452,947395.184494,2158,268,439,//qar7000185/GP0_UPLOAD/BOXER/CYLOM\KZ-05-62_GNGP-56\2026-05-01\2022-09-06\can_tapper34-03-03-11-59-24.pcap.gz
12,2026-03-17 14:10:01.258615,can_tapper34,"rgb(152,78,163)",PG4,124.0,115.0,121.0,7.258064516129033,78.00000000000004,125.0,-3.435014860006057,1500,-35.019999999991406,-5.019999999991406,90.0,9.0,313.0,304.0,0.464585,0.000986842105263158,0.0029605263157894738,0.0013157894736842105,synchronized_peak_current_voltage_drop,0.8800000000095167,1.0000000000001563,119.99999999999996,122.16466809336714,0.4018858545311017,5955,5.217391304347826,1.424404809524222,11.525,-31.604395604395606,22.0,2.463478,5,182,60.0,120.0,115.0,122.0,143.0,142.0,141.0,133.0,59.950911,119.852452,947395.184494,2158,268,439,//qar7000185/GP0_UPLOAD/BOXER/CYLOM\KZ-05-62_GNGP-56\2026-05-01\2022-09-06\can_tapper34-03-03-11-59-24.pcap.gz
13,2026-04-13 21:43:58.585730,can_tapper34,"rgb(255,127,0)",PG1_est,123.0,101.0,121.0,17.88617886178862,68.33333333333339,124.0,-1.0867115940936287,1500,-35.019999999991406,-5.019999999991406,78.00000000000004,10.0,277.0,267.0,1.264204,0.000749063670411985,0.008239700374531835,0.0011235955056179774,synchronized_peak_current_voltage_drop,0.7400000000094948,0.5000000000000782,3.678623825607137,142.90934056352268,0.7390454282597283,5962,11.013215859030836,1.504031057766357,17.933333333333334,-108.28956228956228,10.0,3.460592,4,297,60.0,120.0,112.0,121.0,143.0,135.0,142.0,143.0,59.895575,119.946621,2360037.327115,2159,376,451,//qar7000185/GP0_UPLOAD/BOXER/CYLOM\KZ-05-62_GNGP-56\2026-05-01\2022-09-06\can_tapper34-03-03-21-59-23.pcap.gz
13,2026-04-13 21:43:58.585730,can_tapper34,"rgb(255,127,0)",PG2,121.0,110.0,110.0,9.090909090909092,52.857142857142826,122.0,-0.15773340343692221,1500,-35.019999999991406,-5.019999999991406,60.0,10.0,277.0,267.0,1.264204,0.004119850187265918,0.004119850187265918,0.00449438202247191,synchronized_peak_current_voltage_drop,0.7800000000095011,0.5000000000000782,2.892719705486028,141.22015634038794,0.7839167864111685,5960,6.607929515418502,1.217029426232287,17.933333333333334,-108.28956228956228,10.0,3.460592,4,297,60.0,120.0,110.0,119.0,141.0,135.0,142.0,141.0,59.895575,119.946621,2360037.327115,2159,376,451,//qar7000185/GP0_UPLOAD/BOXER/CYLOM\KZ-05-62_GNGP-56\2026-05-01\2022-09-06\can_tapper34-03-03-21-59-23.pcap.gz
13,2026-04-13 21:43:58.585730,can_tapper34,"rgb(255,127,0)",PG3_est,122.0,110.0,113.0,9.836065573770492,60.0,123.0,-0.16374229499644904,1500,-35.019999999991406,-5.019999999991406,68.33333333333339,10.0,277.0,267.0,1.264204,0.0033707865168539327,0.00449438202247191,0.003745318352059925,synchronized_peak_current_voltage_drop,0.8000000000095042,0.7400000000001157,2.565174071178317,142.6305386306325,0.7030154791374326,5959,2.5210084033613445,0.6774339606756692,17.933333333333334,-108.28956228956228,10.0,3.460592,4,297,60.0,120.0,110.0,120.0,144.0,135.0,142.0,142.0,59.895575,119.946621,2360037.327115,2159,376,451,//qar7000185/GP0_UPLOAD/BOXER/CYLOM\KZ-05-62_GNGP-56\2026-05-01\2022-09-06\can_tapper34-03-03-21-59-23.pcap.gz
13,2026-04-13 21:43:58.585730,can_tapper34,"rgb(255,127,0)",PG4,122.0,110.0,113.0,9.836065573770492,60.0,123.0,-0.16374229499644904,1500,-35.019999999991406,-5.019999999991406,68.33333333333339,10.0,277.0,267.0,1.264204,0.0033707865168539327,0.00449438202247191,0.003745318352059925,synchronized_peak_current_voltage_drop,0.8000000000095042,0.7400000000001157,2.565174071178317,142.6305386306325,0.7030154791374326,5959,2.5210084033613445,0.6774339606756692,17.933333333333334,-108.28956228956228,10.0,3.460592,4,297,60.0,120.0,110.0,120.0,144.0,135.0,142.0,142.0,59.895575,119.946621,2360037.327115,2159,376,451,//qar7000185/GP0_UPLOAD/BOXER/CYLOM\KZ-05-62_GNGP-56\2026-05-01\2022-09-06\can_tapper34-03-03-21-59-23.pcap.gz
14,2026-04-13 22:43:28.336369,can_tapper34,"rgb(255,255,51)",PG1_est,128.0,112.0,123.0,12.5,100.0,128.0,-0.3779823902139907,1500,-35.019999999991406,-5.019999999991406,100.0,6.0,309.0,303.0,1.007249,0.0016501650165016502,0.005280528052805281,0.0016501650165016502,synchronized_peak_current_voltage_drop,0.5000000000094573,0.5000000000000782,2.0171482422437275,139.5024196370353,0.7138518989250519,5974,11.203319502074688,1.7643800101316427,17.025,-51.63859649122807,10.0,2.00675,5,285,60.0,120.0,123.0,125.0,142.0,138.0,138.0,140.0,59.949832,119.924574,3569.750639,2159,316,730,//qar7000185/GP0_UPLOAD/BOXER/CYLOM\KZ-05-62_GNGP-56\2026-05-01\2022-09-06\can_tapper34-03-03-22-59-23.pcap.gz
14,2026-04-13 22:43:28.336369,can_tapper34,"rgb(255,255,51)",PG2,126.0,114.0,117.0,9.523809523809524,95.0,127.0,-1.4495650886953264,1500,-35.019999999991406,-5.019999999991406,100.0,6.0,309.0,303.0,1.007249,0.0029702970297029703,0.0039603960396039604,0.0033003300330033004,synchronized_peak_current_voltage_drop,0.6400000000094792,0.7600000000001188,2.0171482422437275,146.66835241637708,0.823001935152898,5967,5.511811023622047,1.2222270477593522,17.025,-51.63859649122807,10.0,2.00675,5,285,60.0,120.0,117.0,125.0,147.0,148.0,148.0,146.0,59.949832,119.924574,3569.750639,2159,316,730,//qar7000185/GP0_UPLOAD/BOXER/CYLOM\KZ-05-62_GNGP-56\2026-05-01\2022-09-06\can_tapper34-03-03-22-59-23.pcap.gz
14,2026-04-13 22:43:28.336369,can_tapper34,"rgb(255,255,51)",PG3_est,127.0,114.0,120.0,10.236220472440944,100.0,128.0,-1.1280005013333438,1500,-35.019999999991406,-5.019999999991406,100.0,6.0,309.0,303.0,1.007249,0.0023102310231023103,0.0042904290429042905,0.0026402640264026403,synchronized_peak_current_voltage_drop,0.44000000000944794,1.0000000000001563,2.27471676670449,146.69251061112996,0.8966207015654845,5977,5.394190871369295,0.5195873396279539,17.025,-51.63859649122807,10.0,2.00675,5,285,60.0,120.0,120.0,126.0,147.0,147.0,147.0,147.0,59.949832,119.924574,3569.750639,2159,316,730,//qar7000185/GP0_UPLOAD/BOXER/CYLOM\KZ-05-62_GNGP-56\2026-05-01\2022-09-06\can_tapper34-03-03-22-59-23.pcap.gz
14,2026-04-13 22:43:28.336369,can_tapper34,"rgb(255,255,51)",PG4,127.0,114.0,120.0,10.236220472440944,100.0,128.0,-1.1280005013333438,1500,-35.019999999991406,-5.019999999991406,100.0,6.0,309.0,303.0,1.007249,0.0023102310231023103,0.0042904290429042905,0.0026402640264026403,synchronized_peak_current_voltage_drop,0.44000000000944794,1.0000000000001563,2.27471676670449,146.69251061112996,0.8966207015654845,5977,5.394190871369295,0.5195873396279539,17.025,-51.63859649122807,10.0,2.00675,5,285,60.0,120.0,120.0,126.0,147.0,147.0,147.0,147.0,59.949832,119.924574,3569.750639,2159,316,730,//qar7000185/GP0_UPLOAD/BOXER/CYLOM\KZ-05-62_GNGP-56\2026-05-01\2022-09-06\can_tapper34-03-03-22-59-23.pcap.gz
15,2026-04-13 23:27:04.727007,can_tapper34,"rgb(166,86,40)",PG1_est,126.0,113.0,113.0,10.317460317460316,95.0,128.0,-1.4396539731792395,1500,-35.019999999991406,-5.019999999991406,100.0,8.0,367.0,359.0,1.10038,0.0036211699164345407,0.0036211699164345407,0.004178272980501393,synchronized_peak_current_voltage_drop,1.1000000000095511,0.5600000000000875,2.0171482422437275,139.3138206085087,0.7302017403797731,5944,8.474576271186441,1.4990686455117521,16.98857142857143,-48.702341137123746,13.0,2.09445,3,299,60.0,120.0,117.0,124.0,141.0,138.0,138.0,139.0,59.921724,119.996831,2616.390638,2159,349,579,//qar7000185/GP0_UPLOAD/BOXER/CYLOM\KZ-05-62_GNGP-56\2026-05-01\2022-09-06\can_tapper34-03-03-23-59-23.pcap.gz
15,2026-04-13 23:27:04.727007,can_tapper34,"rgb(166,86,40)",PG2,126.0,114.0,118.0,9.523809523809524,95.0,126.0,-0.2908890181723319,1500,-35.019999999991406,-5.019999999991406,95.0,8.0,367.0,359.0,1.10038,0.0022284122562674096,0.003342618384401114,0.0022284122562674096,synchronized_peak_current_voltage_drop,0.600000000009473,1.0000000000001563,2.27471676670449,146.76601436006692,0.8438778517499332,5969,6.779661016949152,1.3126597871113581,16.98857142857143,-48.702341137123746,13.0,2.09445,3,299,60.0,120.0,114.0,123.0,146.0,148.0,148.0,147.0,59.921724,119.996831,2616.390638,2159,349,579,//qar7000185/GP0_UPLOAD/BOXER/CYLOM\KZ-05-62_GNGP-56\2026-05-01\2022-09-06\can_tapper34-03-03-23-59-23.pcap.gz
15,2026-04-13 23:27:04.727007,can_tapper34,"rgb(166,86,40)",PG3_est,126.0,115.0,119.0,8.73015873015873,95.0,127.0,1.6527483802237072e-14,1500,-35.019999999991406,-5.019999999991406,100.0,8.0,367.0,359.0,1.10038,0.0019498607242339832,0.0030640668523676884,0.0022284122562674096,synchronized_peak_current_voltage_drop,0.4800000000094542,1.0000000000001563,2.565174071178317,146.05728548013417,0.8656018648524718,5975,2.542372881355932,0.7868819291391563,16.98857142857143,-48.702341137123746,13.0,2.09445,3,299,60.0,120.0,119.0,125.0,145.0,147.0,146.0,146.0,59.921724,119.996831,2616.390638,2159,349,579,//qar7000185/GP0_UPLOAD/BOXER/CYLOM\KZ-05-62_GNGP-56\2026-05-01\2022-09-06\can_tapper34-03-03-23-59-23.pcap.gz
15,2026-04-13 23:27:04.727007,can_tapper34,"rgb(166,86,40)",PG4,126.0,115.0,119.0,8.73015873015873,95.0,127.0,1.6527483802237072e-14,1500,-35.019999999991406,-5.019999999991406,100.0,8.0,367.0,359.0,1.10038,0.0019498607242339832,0.0030640668523676884,0.0022284122562674096,synchronized_peak_current_voltage_drop,0.4800000000094542,1.0000000000001563,2.565174071178317,146.05728548013417,0.8656018648524718,5975,2.542372881355932,0.7868819291391563,16.98857142857143,-48.702341137123746,13.0,2.09445,3,299,60.0,120.0,119.0,125.0,145.0,147.0,146.0,146.0,59.921724,119.996831,2616.390638,2159,349,579,//qar7000185/GP0_UPLOAD/BOXER/CYLOM\KZ-05-62_GNGP-56\2026-05-01\2022-09-06\can_tapper34-03-03-23-59-23.pcap.gz
16,2026-04-13 23:31:14.878233,can_tapper34,"rgb(247,129,191)",PG1_est,131.0,106.0,106.0,19.083969465648856,100.0,132.0,-11.139311617469792,1500,-35.019999999991406,-5.019999999991406,100.0,0.0,399.0,399.0,0.433473,0.006265664160401002,0.006265664160401002,0.006516290726817042,synchronized_peak_current_voltage_drop,0.3400000000094323,1.5000000000002345,1.7887444673306678,140.42405771225845,0.8053831906262042,5982,12.215320910973086,3.0297715380511527,16.961666666666666,-42.784126984126985,59.0,2.032597,4,315,60.0,120.0,123.0,128.0,143.0,138.0,140.0,140.0,59.925184,119.971198,250.151226,2159,409,638,//qar7000185/GP0_UPLOAD/BOXER/CYLOM\KZ-05-62_GNGP-56\2026-05-01\2022-09-06\can_tapper34-03-03-23-59-23.pcap.gz
16,2026-04-13 23:31:14.878233,can_tapper34,"rgb(247,129,191)",PG2,128.0,113.0,121.0,11.71875,100.0,131.0,-9.513230894767537,1500,-35.019999999991406,-5.019999999991406,100.0,0.0,399.0,399.0,0.433473,0.0017543859649122805,0.0037593984962406013,0.002506265664160401,synchronized_peak_current_voltage_drop,0.5600000000094667,1.5000000000002345,2.0171482422437275,144.76838505438073,0.7788275691598499,5971,6.019417475728155,2.0761407389385282,16.961666666666666,-42.784126984126985,59.0,2.032597,4,315,60.0,120.0,116.0,121.0,147.0,147.0,145.0,145.0,59.925184,119.971198,250.151226,2159,409,638,//qar7000185/GP0_UPLOAD/BOXER/CYLOM\KZ-05-62_GNGP-56\2026-05-01\2022-09-06\can_tapper34-03-03-23-59-23.pcap.gz
16,2026-04-13 23:31:14.878233,can_tapper34,"rgb(247,129,191)",PG3_est,130.0,119.0,128.0,8.461538461538462,100.0,132.0,-10.309115692938567,1500,-35.019999999991406,-5.019999999991406,100.0,0.0,399.0,399.0,0.433473,0.0005012531328320802,0.002756892230576441,0.0010025062656641604,synchronized_peak_current_voltage_drop,0.9800000000095324,0.7400000000001157,1.5862030873085784,143.32323445879607,0.6142031215412016,5950,6.004140786749482,1.600910092002668,16.961666666666666,-42.784126984126985,59.0,2.032597,4,315,60.0,120.0,119.0,126.0,148.0,147.0,144.0,143.0,59.925184,119.971198,250.151226,2159,409,638,//qar7000185/GP0_UPLOAD/BOXER/CYLOM\KZ-05-62_GNGP-56\2026-05-01\2022-09-06\can_tapper34-03-03-23-59-23.pcap.gz
16,2026-04-13 23:31:14.878233,can_tapper34,"rgb(247,129,191)",PG4,130.0,119.0,128.0,8.461538461538462,100.0,132.0,-10.309115692938567,1500,-35.019999999991406,-5.019999999991406,100.0,0.0,399.0,399.0,0.433473,0.0005012531328320802,0.002756892230576441,0.0010025062656641604,synchronized_peak_current_voltage_drop,0.9800000000095324,0.7400000000001157,1.5862030873085784,143.32323445879607,0.6142031215412016,5950,6.004140786749482,1.600910092002668,16.961666666666666,-42.784126984126985,59.0,2.032597,4,315,60.0,120.0,119.0,126.0,148.0,147.0,144.0,143.0,59.925184,119.971198,250.151226,2159,409,638,//qar7000185/GP0_UPLOAD/BOXER/CYLOM\KZ-05-62_GNGP-56\2026-05-01\2022-09-06\can_tapper34-03-03-23-59-23.pcap.gz
17,2026-04-14 04:51:35.124696,can_tapper34,"rgb(153,153,153)",PG1_est,123.0,108.0,108.0,12.195121951219512,68.33333333333339,124.0,0.1201600534047548,1500,-35.019999999991406,-5.019999999991406,78.00000000000004,0.0,296.0,296.0,1.331049,0.005067567567567568,0.005067567567567568,0.005405405405405406,synchronized_peak_current_voltage_drop,1.3200000000095855,0.0800000000000125,2.27471676670449,143.64344002707688,0.7173963023890515,5933,8.771929824561404,2.1975269217711357,14.39166666666667,-103.36633663366337,13.0,2.419388,4,303,60.0,120.0,113.0,121.0,145.0,138.0,143.0,144.0,59.986726,119.9954,19220.246463,2159,368,734,//qar7000185/GP0_UPLOAD/BOXER/CYLOM\KZ-05-62_GNGP-56\2026-05-01\2022-09-06\can_tapper34-03-04-04-59-23.pcap.gz
17,2026-04-14 04:51:35.124696,can_tapper34,"rgb(153,153,153)",PG2,122.0,110.0,115.0,9.836065573770492,60.0,122.0,0.16984007548472393,1500,-35.019999999991406,-5.019999999991406,60.0,0.0,296.0,296.0,1.331049,0.0023648648648648646,0.004054054054054054,0.0023648648648648646,synchronized_peak_current_voltage_drop,0.8200000000095073,1.0000000000001563,2.565174071178317,142.4446237576024,0.8413853299904601,5958,3.508771929824561,0.9816504577325609,14.39166666666667,-103.36633663366337,13.0,2.419388,4,303,60.0,120.0,110.0,120.0,141.0,138.0,143.0,142.0,59.986726,119.9954,19220.246463,2159,368,734,//qar7000185/GP0_UPLOAD/BOXER/CYLOM\KZ-05-62_GNGP-56\2026-05-01\2022-09-06\can_tapper34-03-04-04-59-23.pcap.gz
17,2026-04-14 04:51:35.124696,can_tapper34,"rgb(153,153,153)",PG3_est,122.0,111.0,115.0,9.01639344262295,60.0,123.0,-0.31177791634545127,1500,-35.019999999991406,-5.019999999991406,68.33333333333339,0.0,296.0,296.0,1.331049,0.0023648648648648646,0.0037162162162162164,0.002702702702702703,synchronized_peak_current_voltage_drop,0.8200000000095073,1.0000000000001563,2.565174071178317,145.2600257340692,0.8063628683452325,5958,2.6315789473684212,0.6772927355314866,14.39166666666667,-103.36633663366337,13.0,2.419388,4,303,60.0,120.0,111.0,120.0,146.0,140.0,145.0,145.0,59.986726,119.9954,19220.246463,2159,368,734,//qar7000185/GP0_UPLOAD/BOXER/CYLOM\KZ-05-62_GNGP-56\2026-05-01\2022-09-06\can_tapper34-03-04-04-59-23.pcap.gz
17,2026-04-14 04:51:35.124696,can_tapper34,"rgb(153,153,153)",PG4,122.0,111.0,115.0,9.01639344262295,60.0,123.0,-0.31177791634545127,1500,-35.019999999991406,-5.019999999991406,68.33333333333339,0.0,296.0,296.0,1.331049,0.0023648648648648646,0.0037162162162162164,0.002702702702702703,synchronized_peak_current_voltage_drop,0.8200000000095073,1.0000000000001563,2.565174071178317,145.2600257340692,0.8063628683452325,5958,2.6315789473684212,0.6772927355314866,14.39166666666667,-103.36633663366337,13.0,2.419388,4,303,60.0,120.0,111.0,120.0,146.0,140.0,145.0,145.0,59.986726,119.9954,19220.246463,2159,368,734,//qar7000185/GP0_UPLOAD/BOXER/CYLOM\KZ-05-62_GNGP-56\2026-05-01\2022-09-06\can_tapper34-03-04-04-59-23.pcap.gz
18,2026-04-14 05:26:32.969686,can_tapper34,"rgb(228,26,28)",PG1_est,128.0,118.0,118.0,7.8125,100.0,128.0,-0.22585787815871342,1500,-35.019999999991406,-5.019999999991406,100.0,9.0,398.0,389.0,1.017311,0.002570694087403599,0.002570694087403599,0.002570694087403599,synchronized_peak_current_voltage_drop,1.0000000000095355,0.5000000000000782,1.7887444673306678,140.7287581196077,0.7877132987934075,5949,3.7344398340248963,1.3577586003136843,15.163333333333332,-52.13167259786477,131.0,2.013267,6,281,60.0,120.0,118.0,130.0,143.0,139.0,141.0,141.0,59.905781,119.967962,2097.84499,2159,321,583,//qar7000185/GP0_UPLOAD/BOXER/CYLOM\KZ-05-62_GNGP-56\2026-05-01\2022-09-06\can_tapper34-03-04-05-59-23.pcap.gz
18,2026-04-14 05:26:32.969686,can_tapper34,"rgb(228,26,28)",PG2,126.0,118.0,121.0,6.349206349206349,95.0,127.0,-0.26797345243249054,1500,-35.019999999991406,-5.019999999991406,100.0,9.0,398.0,389.0,1.017311,0.0012853470437017994,0.0020565552699228795,0.0015424164524421593,synchronized_peak_current_voltage_drop,1.0600000000095449,0.5000000000000782,2.0171482422437275,145.52650106668435,0.8570854237076655,5946,2.4390243902439024,0.8817508847055623,15.163333333333332,-52.13167259786477,131.0,2.013267,6,281,60.0,120.0,121.0,120.0,145.0,145.0,145.0,145.0,59.905781,119.967962,2097.84499,2159,321,583,//qar7000185/GP0_UPLOAD/BOXER/CYLOM\KZ-05-62_GNGP-56\2026-05-01\2022-09-06\can_tapper34-03-04-05-59-23.pcap.gz
18,2026-04-14 05:26:32.969686,can_tapper34,"rgb(228,26,28)",PG3_est,127.0,118.0,118.0,7.086614173228346,100.0,128.0,-0.5457869092385524,1500,-35.019999999991406,-5.019999999991406,100.0,9.0,398.0,389.0,1.017311,0.002313624678663239,0.002313624678663239,0.002570694087403599,synchronized_peak_current_voltage_drop,0.9000000000095199,0.5000000000000782,2.0171482422437275,145.99042799972088,0.83571734374902,5954,2.074688796680498,0.5435089357640552,15.163333333333332,-52.13167259786477,131.0,2.013267,6,281,60.0,120.0,118.0,125.0,146.0,146.0,146.0,146.0,59.905781,119.967962,2097.84499,2159,321,583,//qar7000185/GP0_UPLOAD/BOXER/CYLOM\KZ-05-62_GNGP-56\2026-05-01\2022-09-06\can_tapper34-03-04-05-59-23.pcap.gz
18,2026-04-14 05:26:32.969686,can_tapper34,"rgb(228,26,28)",PG4,127.0,118.0,118.0,7.086614173228346,100.0,128.0,-0.5457869092385524,1500,-35.019999999991406,-5.019999999991406,100.0,9.0,398.0,389.0,1.017311,0.002313624678663239,0.002313624678663239,0.002570694087403599,synchronized_peak_current_voltage_drop,0.9000000000095199,0.5000000000000782,2.0171482422437275,145.99042799972088,0.83571734374902,5954,2.074688796680498,0.5435089357640552,15.163333333333332,-52.13167259786477,131.0,2.013267,6,281,60.0,120.0,118.0,125.0,146.0,146.0,146.0,146.0,59.905781,119.967962,2097.84499,2159,321,583,//qar7000185/GP0_UPLOAD/BOXER/CYLOM\KZ-05-62_GNGP-56\2026-05-01\2022-09-06\can_tapper34-03-04-05-59-23.pcap.gz
19,2026-04-14 09:50:04.418649,can_tapper34,"rgb(55,126,184)",PG1_est,125.0,102.0,114.0,18.4,90.0,125.0,-0.05951113756009647,1500,-35.019999999991406,-5.019999999991406,90.0,0.0,467.0,467.0,1.0888,0.002355460385438972,0.004925053533190578,0.002355460385438972,synchronized_peak_current_voltage_drop,0.600000000009473,0.5000000000000782,2.0171482422437275,140.53772164733627,0.6581240220433924,5969,11.879049676025918,1.7594700477364713,14.733333333333334,-70.328025477707,138.0,2.083901,4,314,60.0,120.0,114.0,119.0,147.0,137.0,141.0,140.0,59.96,119.979319,15811.448963,2160,373,571,//qar7000185/GP0_UPLOAD/BOXER/CYLOM\KZ-05-62_GNGP-56\2026-05-01\2022-09-06\can_tapper34-03-04-09-59-23.pcap.gz
19,2026-04-14 09:50:04.418649,can_tapper34,"rgb(55,126,184)",PG2,123.0,111.0,111.0,9.75609756097561,68.33333333333339,124.0,-0.9859204381865775,1500,-35.019999999991406,-5.019999999991406,78.00000000000004,0.0,467.0,467.0,1.0888,0.002569593147751606,0.002569593147751606,0.00278372591006424,synchronized_peak_current_voltage_drop,0.6800000000094855,1.0000000000001563,4.148345232772487,145.22729880447082,0.879523217968043,5965,6.263498920086393,1.4235177545447948,14.733333333333334,-70.328025477707,138.0,2.083901,4,314,60.0,120.0,111.0,117.0,141.0,138.0,145.0,145.0,59.96,119.979319,15811.448963,2160,373,571,//qar7000185/GP0_UPLOAD/BOXER/CYLOM\KZ-05-62_GNGP-56\2026-05-01\2022-09-06\can_tapper34-03-04-09-59-23.pcap.gz
19,2026-04-14 09:50:04.418649,can_tapper34,"rgb(55,126,184)",PG3_est,124.0,113.0,114.0,8.870967741935484,78.00000000000004,125.0,-1.1280005013332715,1500,-35.019999999991406,-5.019999999991406,90.0,0.0,467.0,467.0,1.0888,0.0021413276231263384,0.002355460385438972,0.002355460385438972,synchronized_peak_current_voltage_drop,0.7000000000094886,1.0000000000001563,2.892719705486028,147.3857292681278,0.7960372793573661,5964,2.8077753779697625,0.5356231661602182,14.733333333333334,-70.328025477707,138.0,2.083901,4,314,60.0,120.0,114.0,118.0,146.0,142.0,148.0,147.0,59.96,119.979319,15811.448963,2160,373,571,//qar7000185/GP0_UPLOAD/BOXER/CYLOM\KZ-05-62_GNGP-56\2026-05-01\2022-09-06\can_tapper34-03-04-09-59-23.pcap.gz
19,2026-04-14 09:50:04.418649,can_tapper34,"rgb(55,126,184)",PG4,124.0,113.0,114.0,8.870967741935484,78.00000000000004,125.0,-1.1280005013332715,1500,-35.019999999991406,-5.019999999991406,90.0,0.0,467.0,467.0,1.0888,0.0021413276231263384,0.002355460385438972,0.002355460385438972,synchronized_peak_current_voltage_drop,0.7000000000094886,1.0000000000001563,2.892719705486028,147.3857292681278,0.7960372793573661,5964,2.8077753779697625,0.5356231661602182,14.733333333333334,-70.328025477707,138.0,2.083901,4,314,60.0,120.0,114.0,118.0,146.0,142.0,148.0,147.0,59.96,119.979319,15811.448963,2160,373,571,//qar7000185/GP0_UPLOAD/BOXER/CYLOM\KZ-05-62_GNGP-56\2026-05-01\2022-09-06\can_tapper34-03-04-09-59-23.pcap.gz
20,2026-04-14 10:52:38.954695,can_tapper34,"rgb(77,175,74)",PG1_est,127.0,116.0,122.0,8.661417322834646,100.0,128.0,-1.2559916693291944,1500,-35.019999999991406,-5.019999999991406,100.0,12.5,276.0,263.5,1.276477,0.0018975332068311196,0.0041745730550284636,0.0022770398481973433,synchronized_peak_current_voltage_drop,0.7400000000094948,0.14000000000002188,1.7887444673306678,139.6533609232461,0.6239143296974277,5962,8.016877637130802,1.6933576099390135,15.575,-35.536977491961416,74.0,2.370151,5,311,60.0,120.0,117.0,124.0,144.0,141.0,140.0,139.0,59.997998,119.9014,3754.536046,2159,354,433,//qar7000185/GP0_UPLOAD/BOXER/CYLOM\KZ-05-62_GNGP-56\2026-05-01\2022-09-06\can_tapper34-03-04-10-59-23.pcap.gz
20,2026-04-14 10:52:38.954695,can_tapper34,"rgb(77,175,74)",PG2,126.0,114.0,114.0,9.523809523809524,95.0,126.0,2.9232752156300525e-13,1500,-35.019999999991406,-5.019999999991406,95.0,12.5,276.0,263.5,1.276477,0.004554079696394687,0.004554079696394687,0.004554079696394687,synchronized_peak_current_voltage_drop,0.8800000000095167,1.0000000000001563,2.565174071178317,146.45524294934896,0.8749782017524943,5955,6.329113924050633,1.752264714636253,15.575,-35.536977491961416,74.0,2.370151,5,311,60.0,120.0,114.0,124.0,143.0,145.0,146.0,147.0,59.997998,119.9014,3754.536046,2159,354,433,//qar7000185/GP0_UPLOAD/BOXER/CYLOM\KZ-05-62_GNGP-56\2026-05-01\2022-09-06\can_tapper34-03-04-10-59-23.pcap.gz
20,2026-04-14 10:52:38.954695,can_tapper34,"rgb(77,175,74)",PG3_est,127.0,116.0,118.0,8.661417322834646,100.0,127.0,1.6527483802237072e-14,1500,-35.019999999991406,-5.019999999991406,100.0,12.5,276.0,263.5,1.276477,0.003415559772296015,0.0041745730550284636,0.003415559772296015,synchronized_peak_current_voltage_drop,0.6600000000094823,1.0000000000001563,2.27471676670449,147.04826437804854,0.831433773145775,5966,4.329896907216495,0.722157756695306,15.575,-35.536977491961416,74.0,2.370151,5,311,60.0,120.0,116.0,125.0,145.0,147.0,146.0,148.0,59.997998,119.9014,3754.536046,2159,354,433,//qar7000185/GP0_UPLOAD/BOXER/CYLOM\KZ-05-62_GNGP-56\2026-05-01\2022-09-06\can_tapper34-03-04-10-59-23.pcap.gz
20,2026-04-14 10:52:38.954695,can_tapper34,"rgb(77,175,74)",PG4,127.0,116.0,118.0,8.661417322834646,100.0,127.0,1.6527483802237072e-14,1500,-35.019999999991406,-5.019999999991406,100.0,12.5,276.0,263.5,1.276477,0.003415559772296015,0.0041745730550284636,0.003415559772296015,synchronized_peak_current_voltage_drop,0.6600000000094823,1.0000000000001563,2.27471676670449,147.04826437804854,0.831433773145775,5966,4.329896907216495,0.722157756695306,15.575,-35.536977491961416,74.0,2.370151,5,311,60.0,120.0,116.0,125.0,145.0,147.0,146.0,148.0,59.997998,119.9014,3754.536046,2159,354,433,//qar7000185/GP0_UPLOAD/BOXER/CYLOM\KZ-05-62_GNGP-56\2026-05-01\2022-09-06\can_tapper34-03-04-10-59-23.pcap.gz
